Date,AAPL,AMZN,GOOGL,MSFT,TSLA
2020-01-02 00:00:00+00:00,72.87610626220703,94.90049743652344,68.26496124267578,153.9381866455078,28.68400001525879
2020-01-03 00:00:00+00:00,72.16758728027344,93.74849700927734,67.90784454345703,152.0214080810547,29.534000396728516
2020-01-06 00:00:00+00:00,72.74266052246094,95.14399719238281,69.71786499023438,152.4143524169922,30.1026668548584
2020-01-07 00:00:00+00:00,72.4005355834961,95.34300231933594,69.58320617675781,151.024658203125,31.270666122436523
2020-01-08 00:00:00+00:00,73.5652084350586,94.59850311279297,70.07847595214844,153.43028259277344,32.80933380126953
2020-01-09 00:00:00+00:00,75.12777709960938,95.05249786376953,70.81415557861328,155.3470458984375,32.089332580566406
2020-01-10 00:00:00+00:00,75.2976303100586,94.15799713134766,71.27151489257812,154.62823486328125,31.876667022705078
2020-01-13 00:00:00+00:00,76.90631103515625,94.56500244140625,71.82365417480469,156.487548828125,34.990665435791016
2020-01-14 00:00:00+00:00,75.8678207397461,93.47200012207031,71.35282135009766,155.3854217529297,35.861331939697266
2020-01-15 00:00:00+00:00,75.54269409179688,93.10099792480469,71.7822494506836,156.3917236328125,34.56666564941406
2020-01-16 00:00:00+00:00,76.48896789550781,93.89700317382812,72.32890319824219,159.2573699951172,34.232666015625
2020-01-17 00:00:00+00:00,77.3357925415039,93.23600006103516,73.79327392578125,160.14865112304688,34.03333282470703
2020-01-21 00:00:00+00:00,76.81169128417969,94.5999984741211,73.929443359375,159.5736083984375,36.47999954223633
2020-01-22 00:00:00+00:00,77.08586120605469,94.37300109863281,74.01023864746094,158.80686950683594,37.97066879272461
2020-01-23 00:00:00+00:00,77.45710754394531,94.22899627685547,74.05113983154297,159.784423828125,38.14666748046875
2020-01-24 00:00:00+00:00,77.2338638305664,93.08200073242188,73.12742614746094,158.17431640625,37.654666900634766
2020-01-27 00:00:00+00:00,74.9627914428711,91.41699981689453,71.40968322753906,155.5291290283203,37.201332092285156
2020-01-28 00:00:00+00:00,77.08343505859375,92.6624984741211,72.34586334228516,158.57688903808594,37.793331146240234
2020-01-29 00:00:00+00:00,78.69699096679688,92.9000015258789,72.65509033203125,161.0495147705078,38.732666015625
2020-01-30 00:00:00+00:00,78.58293151855469,93.53399658203125,72.53289794921875,165.59234619140625,42.72066879272461
2020-01-31 00:00:00+00:00,75.09867095947266,100.43599700927734,71.46205139160156,163.14845275878906,43.371334075927734
2020-02-03 00:00:00+00:00,74.89242553710938,100.20999908447266,73.94689178466797,167.1258087158203,52.0
2020-02-04 00:00:00+00:00,77.36492156982422,102.4834976196289,72.09198760986328,172.62698364257812,59.137332916259766
2020-02-05 00:00:00+00:00,77.99575805664062,101.99349975585938,72.12390899658203,172.4161376953125,48.97999954223633
2020-02-06 00:00:00+00:00,78.90807342529297,102.5114974975586,73.6162109375,175.99099731445312,49.930667877197266
2020-02-07 00:00:00+00:00,77.83550262451172,103.96399688720703,73.7728271484375,176.24020385742188,49.871334075927734
2020-02-10 00:00:00+00:00,78.20518493652344,106.69550323486328,75.2466812133789,180.85008239746094,51.41866683959961
2020-02-11 00:00:00+00:00,77.73333740234375,107.54000091552734,75.3165054321289,176.76731872558594,51.62533187866211
2020-02-12 00:00:00+00:00,79.57933807373047,108.0,75.74394989013672,177.02606201171875,51.15266799926758
2020-02-13 00:00:00+00:00,79.01265716552734,107.49349975585938,75.48259735107422,176.06768798828125,53.599998474121094
2020-02-14 00:00:00+00:00,79.0321044921875,106.74349975585938,75.74893188476562,177.63946533203125,53.33533477783203
2020-02-18 00:00:00+00:00,77.5849838256836,107.78350067138672,75.78434753417969,179.4412384033203,57.22666549682617
2020-02-19 00:00:00+00:00,78.7086181640625,108.51100158691406,76.05517578125,179.97935485839844,61.16133117675781
2020-02-20 00:00:00+00:00,77.90116119384766,107.65499877929688,75.66214752197266,177.2308807373047,59.96066665649414
2020-02-21 00:00:00+00:00,76.13786315917969,104.79850006103516,73.98978424072266,171.62814331054688,60.06666564941406
2020-02-24 00:00:00+00:00,72.52127838134766,100.4645004272461,70.81764221191406,164.22830200195312,55.58599853515625
2020-02-25 00:00:00+00:00,70.0648422241211,98.63700103759766,69.14479064941406,161.51828002929688,53.32733154296875
2020-02-26 00:00:00+00:00,71.17631530761719,98.97949981689453,69.35177612304688,163.53636169433594,51.91999816894531
2020-02-27 00:00:00+00:00,66.52365112304688,94.21499633789062,65.58509826660156,152.01377868652344,45.266666412353516
2020-02-28 00:00:00+00:00,66.48472595214844,94.1875,66.7970962524414,155.69447326660156,44.53266525268555
2020-03-02 00:00:00+00:00,72.67450714111328,97.69750213623047,69.14479064941406,166.05426025390625,49.574668884277344
2020-03-03 00:00:00+00:00,70.36642456054688,95.44950103759766,66.72079467773438,158.09698486328125,49.70066833496094
2020-03-04 00:00:00+00:00,73.63033294677734,98.79149627685547,68.90937042236328,163.90158081054688,49.96666717529297
2020-03-05 00:00:00+00:00,71.24198913574219,96.20149993896484,65.57562255859375,159.78842163085938,48.30266571044922
2020-03-06 00:00:00+00:00,70.2958755493164,95.05449676513672,64.6269760131836,155.27163696289062,46.89866638183594
2020-03-09 00:00:00+00:00,64.73605346679688,90.03050231933594,60.63935089111328,144.74847412109375,40.53333282470703
2020-03-10 00:00:00+00:00,69.39842987060547,94.59100341796875,63.60101318359375,154.64697265625,43.02199935913086
2020-03-11 00:00:00+00:00,66.9881820678711,91.04299926757812,60.39544677734375,147.6411590576172,42.28200149536133
2020-03-12 00:00:00+00:00,60.372798919677734,83.83049774169922,55.44021987915039,133.6391143798828,37.369998931884766
2020-03-13 00:00:00+00:00,67.60595703125,89.25,60.56353759765625,152.638427734375,36.44133377075195
2020-03-16 00:00:00+00:00,58.90864944458008,84.4574966430664,53.51748275756836,130.14102172851562,29.67133331298828
2020-03-17 00:00:00+00:00,61.49887466430664,90.39199829101562,55.764915466308594,140.85638427734375,28.68000030517578
2020-03-18 00:00:00+00:00,59.993385314941406,91.5,54.42473602294922,134.9268798828125,24.08133316040039
2020-03-19 00:00:00+00:00,59.53370666503906,94.04650115966797,55.446205139160156,137.14686584472656,28.50933265686035
2020-03-20 00:00:00+00:00,55.75417709350586,92.30449676513672,53.27857208251953,131.99581909179688,28.50200080871582
2020-03-23 00:00:00+00:00,54.56972885131836,95.1415023803711,52.57631301879883,130.67922973632812,28.952667236328125
2020-03-24 00:00:00+00:00,60.044464111328125,97.00499725341797,56.36094284057617,142.55738830566406,33.66666793823242
2020-03-25 00:00:00+00:00,59.71368408203125,94.29199981689453,54.9449462890625,141.1927490234375,35.95000076293945
2020-03-26 00:00:00+00:00,62.85600662231445,97.77449798583984,58.002376556396484,150.0244903564453,35.21066665649414
2020-03-27 00:00:00+00:00,60.253623962402344,95.00499725341797,55.375877380371094,143.8643798828125,34.29066848754883
2020-03-30 00:00:00+00:00,61.973148345947266,98.19750213623047,57.173927307128906,153.98387145996094,33.47533416748047
2020-03-31 00:00:00+00:00,61.84667205810547,97.48600006103516,57.95399856567383,151.56214904785156,34.93333435058594
2020-04-01 00:00:00+00:00,58.59247589111328,95.38500213623047,54.96888732910156,146.18038940429688,32.104000091552734
2020-04-02 00:00:00+00:00,59.570186614990234,95.94149780273438,55.71354675292969,149.20761108398438,30.29800033569336
2020-04-03 00:00:00+00:00,58.714088439941406,95.32949829101562,54.50004577636719,147.8333740234375,32.000667572021484
2020-04-06 00:00:00+00:00,63.83614730834961,99.87950134277344,59.01337432861328,158.82740783691406,34.41600036621094
2020-04-07 00:00:00+00:00,63.096778869628906,100.58000183105469,58.98194885253906,157.1168212890625,36.36333465576172
2020-04-08 00:00:00+00:00,64.71173095703125,102.1500015258789,60.200931549072266,158.69285583496094,36.589332580566406
2020-04-09 00:00:00+00:00,65.17870330810547,102.13800048828125,60.179481506347656,158.70248413085938,38.20000076293945
2020-04-13 00:00:00+00:00,66.45800018310547,108.44349670410156,60.37101364135742,159.05804443359375,43.39666748046875
2020-04-14 00:00:00+00:00,69.81433868408203,114.16600036621094,63.10524368286133,166.92880249023438,47.32600021362305
2020-04-15 00:00:00+00:00,69.1771011352539,115.38400268554688,62.709720611572266,165.1797332763672,48.65533447265625
2020-04-16 00:00:00+00:00,69.72677612304688,120.40950012207031,62.71620178222656,170.13856506347656,49.680667877197266
2020-04-17 00:00:00+00:00,68.7806625366211,118.75,63.79204177856445,171.63775634765625,50.259334564208984
2020-04-20 00:00:00+00:00,67.35302734375,119.68049621582031,62.9017448425293,168.23573303222656,49.75733184814453
2020-04-21 00:00:00+00:00,65.2710952758789,116.40599822998047,60.45829391479492,161.27801513671875,45.781333923339844
2020-04-22 00:00:00+00:00,67.15113830566406,118.17449951171875,62.76508331298828,166.7558135986328,48.807334899902344
2020-04-23 00:00:00+00:00,66.89090728759766,119.97250366210938,63.40150833129883,164.73764038085938,47.04199981689453
2020-04-24 00:00:00+00:00,68.82200622558594,120.51100158691406,63.67233657836914,167.74562072753906,48.34333419799805
2020-04-27 00:00:00+00:00,68.87065887451172,118.80000305175781,63.386043548583984,167.26515197753906,53.25
2020-04-28 00:00:00+00:00,67.75431823730469,115.7040023803711,61.477272033691406,163.19044494628906,51.27466583251953
2020-04-29 00:00:00+00:00,69.97972106933594,118.635498046875,66.9432373046875,170.5133514404297,53.367332458496094
2020-04-30 00:00:00+00:00,71.45602416992188,123.69999694824219,67.1686782836914,172.22401428222656,52.12533187866211
2020-05-01 00:00:00+00:00,70.30563354492188,114.302001953125,65.70330810546875,167.76486206054688,46.75466537475586
2020-05-04 00:00:00+00:00,71.30036163330078,115.79949951171875,65.98161315917969,171.86837768554688,50.74599838256836
2020-05-05 00:00:00+00:00,72.37049865722656,115.88999938964844,67.28439331054688,173.71359252929688,51.2140007019043
2020-05-06 00:00:00+00:00,73.1171646118164,117.56300354003906,67.10533905029297,175.42417907714844,52.172000885009766
2020-05-07 00:00:00+00:00,73.8735580444336,118.38050079345703,68.29489135742188,176.44287109375,52.00266647338867
2020-05-08 00:00:00+00:00,75.63186645507812,118.98049926757812,69.04603576660156,177.48077392578125,54.62799835205078
2020-05-11 00:00:00+00:00,76.82195281982422,120.44999694824219,70.00614929199219,179.46043395996094,54.08599853515625
2020-05-12 00:00:00+00:00,75.94403076171875,117.84750366210938,68.58916473388672,175.39535522460938,53.96066665649414
2020-05-13 00:00:00+00:00,75.02706909179688,118.39600372314453,67.24996948242188,172.74293518066406,52.73066711425781
2020-05-14 00:00:00+00:00,75.48798370361328,119.44249725341797,67.67542266845703,173.4925537109375,53.55533218383789
2020-05-15 00:00:00+00:00,75.04168701171875,120.48899841308594,68.4834213256836,176.02001953125,53.27799987792969
2020-05-18 00:00:00+00:00,76.80976867675781,121.31300354003906,69.08792877197266,177.70179748535156,54.242000579833984
2020-05-19 00:00:00+00:00,76.36592102050781,122.46649932861328,68.55025482177734,176.4716796875,53.867332458496094
2020-05-20 00:00:00+00:00,77.85111236572266,124.89700317382812,70.28396606445312,178.9194793701172,54.37066650390625
2020-05-21 00:00:00+00:00,77.27069854736328,122.33699798583984,70.16376495361328,176.77041625976562,55.17333221435547
2020-05-22 00:00:00+00:00,77.7681884765625,121.84400177001953,70.48745727539062,176.84756469726562,54.45866775512695
2020-05-26 00:00:00+00:00,77.24142456054688,121.09300231933594,70.89295196533203,174.9779510498047,54.591331481933594
2020-05-27 00:00:00+00:00,77.57795715332031,120.51950073242188,70.83859252929688,175.209228515625,54.68199920654297
2020-05-28 00:00:00+00:00,77.61209869384766,120.05500030517578,70.73684692382812,174.81410217285156,53.72066879272461
2020-05-29 00:00:00+00:00,77.53650665283203,122.11849975585938,71.49895477294922,176.59695434570312,55.66666793823242
2020-06-01 00:00:00+00:00,78.49005889892578,123.552001953125,71.56629180908203,176.1922149658203,59.87333297729492
2020-06-02 00:00:00+00:00,78.85342407226562,123.62049865722656,71.93737030029297,178.1967010498047,58.770668029785156
2020-06-03 00:00:00+00:00,79.28750610351562,123.91999816894531,71.78475189208984,178.63038635253906,58.86399841308594
2020-06-04 00:00:00+00:00,78.60466766357422,123.02999877929688,70.54032897949219,176.2789764404297,57.62533187866211
2020-06-05 00:00:00+00:00,80.84341430664062,124.1500015258789,71.82315063476562,180.40354919433594,59.04399871826172
2020-06-08 00:00:00+00:00,81.32137298583984,126.2030029296875,72.2231674194336,181.521484375,63.327999114990234
2020-06-09 00:00:00+00:00,83.88935089111328,130.04299926757812,72.4246597290039,182.9091796875,62.711334228515625
2020-06-10 00:00:00+00:00,86.04761505126953,132.37249755859375,73.05410766601562,189.69358825683594,68.336669921875
2020-06-11 00:00:00+00:00,81.91644287109375,127.89800262451172,69.92186737060547,179.50735473632812,64.85600280761719
2020-06-12 00:00:00+00:00,82.62364959716797,127.2509994506836,70.47150421142578,180.92393493652344,62.35200119018555
2020-06-15 00:00:00+00:00,83.64546966552734,128.63400268554688,70.86153411865234,182.0803680419922,66.05999755859375
2020-06-16 00:00:00+00:00,85.86225891113281,130.7635040283203,72.14485931396484,186.5422821044922,65.47533416748047
2020-06-17 00:00:00+00:00,85.74279022216797,132.0489959716797,72.44760131835938,187.18798828125,66.11933135986328
2020-06-18 00:00:00+00:00,85.77693939208984,132.69900512695312,71.52888488769531,189.19248962402344,66.9306640625
2020-06-19 00:00:00+00:00,85.28675079345703,133.75050354003906,71.05606079101562,188.06494140625,66.72666931152344
2020-06-22 00:00:00+00:00,87.51815032958984,135.6909942626953,72.35383605957031,193.28814697265625,66.28800201416016
2020-06-23 00:00:00+00:00,89.38623046875,138.2205047607422,73.0181884765625,194.5795135498047,66.78533172607422
2020-06-24 00:00:00+00:00,87.8083724975586,136.72000122070312,71.45806121826172,190.6572723388672,64.0566635131836
2020-06-25 00:00:00+00:00,88.97408294677734,137.72900390625,71.87702178955078,193.06649780273438,65.73200225830078
2020-06-26 00:00:00+00:00,86.24027252197266,134.64349365234375,67.9587173461914,189.20211791992188,63.982666015625
2020-06-29 00:00:00+00:00,88.22782135009766,134.0189971923828,69.68594360351562,191.2354736328125,67.29000091552734
2020-06-30 00:00:00+00:00,88.96432495117188,137.9409942626953,70.72736358642578,196.1214141845703,71.98733520507812
2020-07-01 00:00:00+00:00,88.79605865478516,143.93499755859375,71.92190551757812,197.2681884765625,74.64199829101562
2020-07-02 00:00:00+00:00,88.79605865478516,144.51499938964844,73.3149642944336,198.77159118652344,80.57733154296875
2020-07-06 00:00:00+00:00,91.1713638305664,152.8520050048828,74.79728698730469,203.05035400390625,91.43866729736328
2020-07-07 00:00:00+00:00,90.88845825195312,150.00599670410156,74.3119888305664,200.68931579589844,92.65733337402344
2020-07-08 00:00:00+00:00,93.0052719116211,154.0554962158203,74.99430847167969,205.10302734375,91.05867004394531
2020-07-09 00:00:00+00:00,93.40522003173828,159.13150024414062,75.74543762207031,206.53892517089844,92.9520034790039
2020-07-10 00:00:00+00:00,93.5686264038086,160.0,76.76042938232422,205.91253662109375,102.97666931152344
2020-07-13 00:00:00+00:00,93.13697814941406,155.1999969482422,75.42474365234375,199.5522003173828,99.80400085449219
2020-07-14 00:00:00+00:00,94.67825317382812,154.1999969482422,75.85517120361328,200.7856903076172,101.12000274658203
2020-07-15 00:00:00+00:00,95.3293685913086,150.44349670410156,75.65666198730469,200.48692321777344,103.06732940673828
2020-07-16 00:00:00+00:00,94.15634155273438,149.9949951171875,75.55890655517578,196.5165252685547,100.04266357421875
2020-07-17 00:00:00+00:00,93.96612548828125,148.09849548339844,75.65516662597656,195.51429748535156,100.05599975585938
2020-07-20 00:00:00+00:00,95.94637298583984,159.8419952392578,77.99886322021484,203.91770935058594,109.53333282470703
2020-07-21 00:00:00+00:00,94.62215423583984,156.9145050048828,77.60384368896484,201.17117309570312,104.55733489990234
2020-07-22 00:00:00+00:00,94.88796997070312,154.99549865722656,78.04923248291016,204.06227111816406,106.15533447265625
2020-07-23 00:00:00+00:00,90.56900787353516,149.32749938964844,75.65017700195312,195.18663024902344,100.87133026123047
2020-07-24 00:00:00+00:00,90.3446273803711,150.44549560546875,75.22423553466797,193.99168395996094,94.46666717529297
2020-07-27 00:00:00+00:00,92.48582458496094,152.760498046875,76.28260803222656,196.44908142089844,102.63999938964844
2020-07-28 00:00:00+00:00,90.96650695800781,150.01649475097656,74.99679565429688,194.68553161621094,98.43267059326172
2020-07-29 00:00:00+00:00,92.71019744873047,151.67649841308594,75.98734283447266,196.65147399902344,99.94066619873047
2020-07-30 00:00:00+00:00,93.83200073242188,152.593994140625,76.72850799560547,196.4972686767578,99.16600036621094
2020-07-31 00:00:00+00:00,103.6551513671875,158.23399353027344,74.21372985839844,197.56692504882812,95.38400268554688
2020-08-03 00:00:00+00:00,106.26700592041016,155.59449768066406,73.95487213134766,208.67835998535156,99.0
2020-08-04 00:00:00+00:00,106.9766845703125,156.94149780273438,73.48303985595703,205.54632568359375,99.13333129882812
2020-08-05 00:00:00+00:00,107.36444091796875,160.25149536132812,73.7718276977539,205.2090301513672,99.00133514404297
2020-08-06 00:00:00+00:00,111.11029052734375,161.25,75.06163024902344,208.49525451660156,99.30533599853516
2020-08-07 00:00:00+00:00,108.5841293334961,158.3730010986328,74.73345184326172,204.7657470703125,96.84733581542969
2020-08-10 00:00:00+00:00,110.162353515625,157.4080047607422,74.65614318847656,200.68931579589844,94.57133483886719
2020-08-11 00:00:00+00:00,106.88615417480469,154.0334930419922,73.84415435791016,195.99615478515625,91.6259994506836
2020-08-12 00:00:00+00:00,110.43843078613281,158.11199951171875,75.17584991455078,201.59521484375,103.65066528320312
2020-08-13 00:00:00+00:00,112.39293670654297,158.05099487304688,75.64518737792969,201.12298583984375,108.06666564941406
2020-08-14 00:00:00+00:00,112.29276275634766,157.4010009765625,75.0456771850586,201.31570434570312,110.04733276367188
2020-08-17 00:00:00+00:00,111.99959564208984,159.12049865722656,75.62474060058594,202.64561462402344,122.3759994506836
2020-08-18 00:00:00+00:00,112.93286895751953,165.62449645996094,77.59686279296875,203.81167602539062,125.80599975585938
2020-08-19 00:00:00+00:00,113.07455444335938,163.0240020751953,77.03974151611328,202.5751953125,125.23533630371094
2020-08-20 00:00:00+00:00,115.5836410522461,164.86849975585938,78.61782836914062,207.28939819335938,133.45533752441406
2020-08-21 00:00:00+00:00,121.53994750976562,164.23599243164062,78.58391571044922,205.78240966796875,136.6653289794922
2020-08-24 00:00:00+00:00,122.99359130859375,165.3730010986328,79.06172943115234,206.42962646484375,134.27999877929688
2020-08-25 00:00:00+00:00,121.9845962524414,167.32449340820312,80.09417724609375,209.11514282226562,134.8893280029297
2020-08-26 00:00:00+00:00,123.64344787597656,172.09249877929688,82.0034408569336,213.6361541748047,143.54466247558594
2020-08-27 00:00:00+00:00,122.16536712646484,170.0,81.2248764038086,218.88169860839844,149.25
2020-08-28 00:00:00+00:00,121.96749114990234,170.08999633789062,81.7690200805664,221.13253784179688,147.55999755859375
2020-08-31 00:00:00+00:00,126.10365295410156,172.54800415039062,81.27525329589844,217.86732482910156,166.10667419433594
2020-09-01 00:00:00+00:00,131.12673950195312,174.95599365234375,82.54959106445312,219.54823303222656,158.35000610351562
2020-09-02 00:00:00+00:00,128.40994262695312,176.57249450683594,85.65739440917969,223.77940368652344,149.1233367919922
2020-09-03 00:00:00+00:00,118.12934875488281,168.39999389648438,81.27425384521484,209.91696166992188,135.6666717529297
2020-09-04 00:00:00+00:00,118.2075424194336,164.7310028076172,78.86521911621094,206.97061157226562,139.44000244140625
2020-09-08 00:00:00+00:00,110.25276947021484,157.49200439453125,75.99182891845703,195.7743682861328,110.06999969482422
2020-09-09 00:00:00+00:00,114.6503677368164,163.4304962158203,77.17041778564453,204.11119079589844,122.09333038330078
2020-09-10 00:00:00+00:00,110.90750885009766,158.7554931640625,76.11402893066406,198.392333984375,123.77999877929688
2020-09-11 00:00:00+00:00,109.45142364501953,155.81100463867188,75.60079956054688,197.09780883789062,124.23999786376953
2020-09-14 00:00:00+00:00,112.7349624633789,155.14849853515625,75.2551498413086,198.43096923828125,139.8733367919922
2020-09-15 00:00:00+00:00,112.91087341308594,157.80650329589844,76.56640625,201.68643188476562,149.9199981689453
2020-09-16 00:00:00+00:00,109.57846069335938,153.90499877929688,75.41775512695312,198.0831756591797,147.25332641601562
2020-09-17 00:00:00+00:00,107.82918548583984,150.43649291992188,74.16834259033203,196.0159149169922,141.14332580566406
2020-09-18 00:00:00+00:00,104.4088363647461,147.74549865722656,72.37528228759766,193.58151245117188,147.38333129882812
2020-09-21 00:00:00+00:00,107.57511138916016,148.02349853515625,71.33038330078125,195.65846252441406,149.79666137695312
2020-09-22 00:00:00+00:00,109.2657470703125,156.44949340820312,72.81070709228516,200.37265014648438,141.41000366210938
2020-09-23 00:00:00+00:00,104.68246459960938,149.9929962158203,70.2954330444336,193.77474975585938,126.78666687011719
2020-09-24 00:00:00+00:00,105.75743103027344,150.989501953125,70.96726989746094,196.286376953125,129.26333618164062
2020-09-25 00:00:00+00:00,109.72506713867188,154.75650024414062,71.7752685546875,200.7590789794922,135.77999877929688
2020-09-28 00:00:00+00:00,112.34405517578125,158.70249938964844,72.75284576416016,202.32408142089844,140.39999389648438
2020-09-29 00:00:00+00:00,111.49385833740234,157.24400329589844,73.11994934082031,200.21812438964844,139.69000244140625
2020-09-30 00:00:00+00:00,113.17472839355469,157.43649291992188,73.09899139404297,203.18380737304688,143.00332641601562
2020-10-01 00:00:00+00:00,114.13243103027344,161.06300354003906,74.21124267578125,205.241455078125,149.3866729736328
2020-10-02 00:00:00+00:00,110.44821166992188,156.25,72.60022735595703,199.1844482421875,138.3633270263672
2020-10-05 00:00:00+00:00,113.84902954101562,159.9600067138672,73.9583740234375,203.23211669921875,141.89332580566406
2020-10-06 00:00:00+00:00,110.58503723144531,154.9980010986328,72.3718032836914,198.9139862060547,137.9933319091797
2020-10-07 00:00:00+00:00,112.46131896972656,159.7845001220703,72.77679443359375,202.70077514648438,141.76666259765625
2020-10-08 00:00:00+00:00,112.35382843017578,159.52749633789062,73.98829650878906,203.42530822753906,141.97332763671875
2020-10-09 00:00:00+00:00,114.30831909179688,164.33250427246094,75.33595275878906,208.4776153564453,144.6666717529297
2020-10-12 00:00:00+00:00,121.56925201416016,172.14649963378906,78.03626251220703,213.87767028808594,147.43333435058594
2020-10-13 00:00:00+00:00,118.34432983398438,172.18150329589844,78.15996551513672,215.28807067871094,148.88333129882812
2020-10-14 00:00:00+00:00,118.43231201171875,168.1855010986328,77.9789047241211,213.35601806640625,153.76666259765625
2020-10-15 00:00:00+00:00,117.9632339477539,166.9324951171875,77.5813980102539,212.19680786132812,149.6266632080078
2020-10-16 00:00:00+00:00,116.31167602539062,163.635498046875,78.19139099121094,212.19680786132812,146.55667114257812
2020-10-19 00:00:00+00:00,113.34085845947266,160.36050415039062,76.30854797363281,206.94161987304688,143.61000061035156
2020-10-20 00:00:00+00:00,114.83604431152344,160.85049438476562,77.36244201660156,207.35699462890625,140.64666748046875
2020-10-21 00:00:00+00:00,114.21060180664062,159.2469940185547,79.10363006591797,207.50192260742188,140.8800048828125
2020-10-22 00:00:00+00:00,113.11609649658203,158.82000732421875,80.13457489013672,207.58883666992188,141.92999267578125
2020-10-23 00:00:00+00:00,112.42224884033203,160.22000122070312,81.44732666015625,208.88330078125,140.2100067138672
2020-10-26 00:00:00+00:00,112.43201446533203,160.3520050048828,79.01883697509766,202.9422607421875,140.0933380126953
2020-10-27 00:00:00+00:00,113.94674682617188,164.31649780273438,79.74653625488281,206.0045928955078,141.55999755859375
2020-10-28 00:00:00+00:00,108.66962432861328,158.13900756835938,75.3534164428711,195.79368591308594,135.33999633789062
2020-10-29 00:00:00+00:00,112.69588470458984,160.55050659179688,77.65171813964844,197.764404296875,136.94332885742188
2020-10-30 00:00:00+00:00,106.38287353515625,151.8074951171875,80.60590362548828,195.59085083007812,129.34666442871094
2020-11-02 00:00:00+00:00,106.294921875,150.2239990234375,81.01539611816406,195.45562744140625,133.50332641601562
2020-11-03 00:00:00+00:00,107.92693328857422,152.42050170898438,82.07975006103516,199.4163055419922,141.3000030517578
2020-11-04 00:00:00+00:00,112.33429718017578,162.05799865722656,87.07688903808594,209.03787231445312,140.32666015625
2020-11-05 00:00:00+00:00,116.32147216796875,166.10000610351562,87.90733337402344,215.70347595214844,146.02999877929688
2020-11-06 00:00:00+00:00,116.18930053710938,165.56849670410156,87.76917266845703,216.11888122558594,143.31666564941406
2020-11-09 00:00:00+00:00,113.86922454833984,157.18699645996094,87.85346221923828,210.9699249267578,140.4199981689453
2020-11-10 00:00:00+00:00,113.52661895751953,151.75100708007812,86.67139434814453,203.84068298339844,136.7866668701172
2020-11-11 00:00:00+00:00,116.97244262695312,156.8695068359375,87.14571380615234,209.1924285888672,139.0433349609375
2020-11-12 00:00:00+00:00,116.69833374023438,155.51400756835938,86.92575073242188,208.12017822265625,137.25332641601562
2020-11-13 00:00:00+00:00,116.74729919433594,156.4405059814453,88.39411926269531,209.15380859375,136.1666717529297
2020-11-16 00:00:00+00:00,117.765380859375,156.55299377441406,88.48240661621094,209.84938049316406,136.02999877929688
2020-11-17 00:00:00+00:00,116.87455749511719,156.7830047607422,87.86543273925781,207.17344665527344,147.20333862304688
2020-11-18 00:00:00+00:00,115.54320526123047,155.2729949951172,86.81702423095703,204.442138671875,162.2133331298828
2020-11-19 00:00:00+00:00,116.14035034179688,155.8509979248047,87.71131134033203,205.74002075195312,166.42333984375
2020-11-20 00:00:00+00:00,114.86775207519531,154.97000122070312,86.60455322265625,203.7738800048828,163.20333862304688
2020-11-23 00:00:00+00:00,111.4512710571289,154.91949462890625,86.16464233398438,203.50265502929688,173.9499969482422
2020-11-24 00:00:00+00:00,112.74346923828125,155.9029998779297,87.97715759277344,207.1347198486328,185.1266632080078
2020-11-25 00:00:00+00:00,113.5853500366211,159.2534942626953,87.9886245727539,207.1444091796875,191.3333282470703
2020-11-27 00:00:00+00:00,114.13355255126953,159.76699829101562,89.13029479980469,208.46163940429688,195.25332641601562
2020-11-30 00:00:00+00:00,116.5417251586914,158.40199279785156,87.50332641601562,207.338134765625,189.1999969482422
2020-12-01 00:00:00+00:00,120.13439178466797,161.00399780273438,89.54627227783203,209.4108123779297,194.9199981689453
2020-12-02 00:00:00+00:00,120.4867935180664,160.17649841308594,91.02310943603516,208.5972442626953,189.60667419433594
2020-12-03 00:00:00+00:00,120.34974670410156,159.3365020751953,90.86700439453125,207.50277709960938,197.7933349609375
2020-12-04 00:00:00+00:00,119.67430877685547,158.12899780273438,90.96276092529297,207.6190185546875,199.67999267578125
2020-12-07 00:00:00+00:00,121.14268493652344,157.89999389648438,90.6270980834961,207.55120849609375,213.9199981689453
2020-12-08 00:00:00+00:00,121.75941467285156,158.864501953125,90.3427963256836,209.2171173095703,216.6266632080078
2020-12-09 00:00:00+00:00,119.21419525146484,155.2100067138672,88.67342376708984,205.13951110839844,201.4933319091797
2020-12-10 00:00:00+00:00,120.64344024658203,155.07449340820312,88.16419219970703,203.8997802734375,209.02333068847656
2020-12-11 00:00:00+00:00,119.8309326171875,155.8209991455078,88.52080535888672,206.55357360839844,203.3300018310547
2020-12-14 00:00:00+00:00,119.21419525146484,157.84849548339844,87.3965835571289,207.4640350341797,213.27667236328125
2020-12-15 00:00:00+00:00,125.1856689453125,158.25599670410156,87.83650207519531,207.39625549316406,211.0833282470703
2020-12-16 00:00:00+00:00,125.1171646118164,162.04800415039062,87.6424789428711,212.38427734375,207.58999633789062
2020-12-17 00:00:00+00:00,125.9884033203125,161.8040008544922,86.81053924560547,212.51986694335938,218.63333129882812
2020-12-18 00:00:00+00:00,123.99138641357422,160.08250427246094,86.0978012084961,211.71597290039062,231.6666717529297
2020-12-21 00:00:00+00:00,125.52828979492188,160.3090057373047,86.5137710571289,215.5901641845703,216.6199951171875
2020-12-22 00:00:00+00:00,129.10140991210938,160.3260040283203,85.79854583740234,216.89772033691406,213.44667053222656
2020-12-23 00:00:00+00:00,128.2008056640625,159.2635040283203,86.19805908203125,214.06954956054688,215.32666015625
2020-12-24 00:00:00+00:00,129.1894989013672,158.63450622558594,86.49382019042969,215.74517822265625,220.58999633789062
2020-12-28 00:00:00+00:00,133.81005859375,164.197998046875,88.4789047241211,217.8856658935547,221.22999572753906
2020-12-29 00:00:00+00:00,132.02841186523438,166.10000610351562,87.67091369628906,217.1011199951172,221.99667358398438
2020-12-30 00:00:00+00:00,130.90264892578125,164.29249572753906,86.59806823730469,214.7087860107422,231.5933380126953
2020-12-31 00:00:00+00:00,129.8943328857422,162.84649658203125,87.4155502319336,215.425537109375,235.22332763671875
2021-01-04 00:00:00+00:00,126.68344116210938,159.3314971923828,86.09332275390625,210.84426879882812,243.2566680908203
2021-01-05 00:00:00+00:00,128.24974060058594,160.92550659179688,86.78759765625,211.04766845703125,245.0366668701172
2021-01-06 00:00:00+00:00,123.93264770507812,156.91900634765625,85.93121337890625,205.57533264160156,251.9933319091797
2021-01-07 00:00:00+00:00,128.16160583496094,158.10800170898438,88.49787139892578,211.42539978027344,272.0133361816406
2021-01-08 00:00:00+00:00,129.26780700683594,159.13499450683594,89.66946411132812,212.71356201171875,293.3399963378906
2021-01-11 00:00:00+00:00,126.26249694824219,155.7104949951172,87.59759521484375,210.6505584716797,270.39666748046875
2021-01-12 00:00:00+00:00,126.0862808227539,156.04150390625,86.65692138671875,208.1710662841797,283.14666748046875
2021-01-13 00:00:00+00:00,128.1322479248047,158.29449462890625,87.14671325683594,209.53671264648438,284.8033447265625
2021-01-14 00:00:00+00:00,126.19400024414062,156.37350463867188,86.33222961425781,206.32115173339844,281.6666564941406
2021-01-15 00:00:00+00:00,124.46128845214844,155.21249389648438,86.16763305664062,205.9627685546875,275.38665771484375
2021-01-19 00:00:00+00:00,125.13672637939453,156.03799438476562,89.00311279296875,209.6336212158203,281.51666259765625
2021-01-20 00:00:00+00:00,129.2482452392578,163.16900634765625,93.77130889892578,217.28514099121094,283.48333740234375
2021-01-21 00:00:00+00:00,133.98626708984375,165.34950256347656,93.97480010986328,217.8953399658203,281.663330078125
2021-01-22 00:00:00+00:00,136.13992309570312,164.6114959716797,94.39425659179688,218.84449768066406,282.21331787109375
2021-01-25 00:00:00+00:00,139.90879821777344,164.6999969482422,94.48004150390625,222.3119354248047,293.6000061035156
2021-01-26 00:00:00+00:00,140.1437225341797,166.30650329589844,95.161865234375,225.02391052246094,294.36334228515625
2021-01-27 00:00:00+00:00,139.06686401367188,161.62899780273438,90.72235870361328,225.57595825195312,288.0533447265625
2021-01-28 00:00:00+00:00,134.20164489746094,161.88099670410156,92.4311294555664,231.4163360595703,278.4766540527344
2021-01-29 00:00:00+00:00,129.17971801757812,160.30999755859375,91.1423110961914,224.66552734375,264.510009765625
2021-02-01 00:00:00+00:00,131.31375122070312,167.1439971923828,94.41970825195312,232.1137237548828,279.9366760253906
2021-02-02 00:00:00+00:00,132.14590454101562,169.0,95.71898651123047,231.97813415527344,290.92999267578125
2021-02-03 00:00:00+00:00,131.1179962158203,165.62649536132812,102.68972778320312,235.3583526611328,284.89666748046875
2021-02-04 00:00:00+00:00,134.49533081054688,166.5500030517578,102.42787170410156,234.39947509765625,283.3299865722656
2021-02-05 00:00:00+00:00,134.07864379882812,167.6074981689453,104.18352508544922,234.58352661132812,284.07666015625
2021-02-08 00:00:00+00:00,134.2257080078125,166.14700317382812,103.96855163574219,234.8450164794922,287.8066711425781
2021-02-09 00:00:00+00:00,133.34329223632812,165.25,103.51318359375,236.10418701171875,283.1533203125
2021-02-10 00:00:00+00:00,132.73550415039062,164.32899475097656,104.06631469726562,235.18405151367188,268.2733459472656
2021-02-11 00:00:00+00:00,132.4805908203125,163.10650634765625,104.17952728271484,236.801513671875,270.5533447265625
2021-02-12 00:00:00+00:00,132.7158660888672,163.885498046875,104.49275970458984,237.28578186035156,272.0400085449219
2021-02-16 00:00:00+00:00,130.57862854003906,163.44749450683594,105.27433013916016,236.0363311767578,265.40667724609375
2021-02-17 00:00:00+00:00,128.27468872070312,165.4320068359375,105.66934204101562,237.06536865234375,266.04998779296875
2021-02-18 00:00:00+00:00,127.16687774658203,166.4114990234375,105.03042602539062,236.66732788085938,262.4599914550781
2021-02-19 00:00:00+00:00,127.32373046875,162.4949951171875,104.18252563476562,233.92974853515625,260.4333190917969
2021-02-22 00:00:00+00:00,123.52960968017578,159.03700256347656,102.45929718017578,227.6584930419922,238.1666717529297
2021-02-23 00:00:00+00:00,123.39234924316406,159.72500610351562,102.75157165527344,226.45468139648438,232.94667053222656
2021-02-24 00:00:00+00:00,122.892333984375,157.97650146484375,103.93314361572266,227.6973114013672,247.33999633789062
2021-02-25 00:00:00+00:00,118.61783599853516,152.85800170898438,100.54852294921875,222.2997589111328,227.4066619873047
2021-02-26 00:00:00+00:00,118.88253021240234,154.64649963378906,100.84578704833984,225.5906982421875,225.1666717529297
2021-03-01 00:00:00+00:00,125.28450012207031,157.3070068359375,103.2273941040039,230.01748657226562,239.47666931152344
2021-03-02 00:00:00+00:00,122.66685485839844,154.72650146484375,102.96903228759766,227.0371856689453,228.81333923339844
2021-03-03 00:00:00+00:00,119.66685485839844,150.25,100.32208251953125,220.9115447998047,217.73333740234375
2021-03-04 00:00:00+00:00,117.77467346191406,148.8784942626953,101.44530487060547,220.10577392578125,207.14666748046875
2021-03-05 00:00:00+00:00,119.03939819335938,150.0229949951172,104.5945053100586,224.83348083496094,199.31666564941406
2021-03-08 00:00:00+00:00,114.07861328125,147.59750366210938,100.12706756591797,220.7465057373047,187.6666717529297
2021-03-09 00:00:00+00:00,118.71585845947266,153.1425018310547,101.76600646972656,226.94979858398438,224.52667236328125
2021-03-10 00:00:00+00:00,117.62764739990234,152.8820037841797,101.55802154541016,225.62953186035156,222.68666076660156
2021-03-11 00:00:00+00:00,119.56879425048828,155.67950439453125,104.767578125,230.20196533203125,233.1999969482422
2021-03-12 00:00:00+00:00,118.65703582763672,154.47450256347656,102.246826171875,228.8622589111328,231.2433319091797
2021-03-15 00:00:00+00:00,121.55900573730469,154.08399963378906,102.46826934814453,227.94972229003906,235.97999572753906
2021-03-16 00:00:00+00:00,123.10802459716797,154.59300231933594,103.93714141845703,230.76499938964844,225.6266632080078
2021-03-17 00:00:00+00:00,122.31390380859375,156.7864990234375,103.85384368896484,230.11456298828125,233.93666076660156
2021-03-18 00:00:00+00:00,118.1668472290039,151.39950561523438,100.8173599243164,223.97921752929688,217.72000122070312
2021-03-19 00:00:00+00:00,117.63743591308594,153.7480010986328,101.09767150878906,223.62001037597656,218.2899932861328
2021-03-22 00:00:00+00:00,120.97078704833984,155.5435028076172,101.28370666503906,229.09524536132812,223.3333282470703
2021-03-23 00:00:00+00:00,120.1374282836914,156.875,101.81439208984375,230.6387939453125,220.72000122070312
2021-03-24 00:00:00+00:00,117.73546600341797,154.35350036621094,101.37548065185547,228.58071899414062,210.08999633789062
2021-03-25 00:00:00+00:00,118.22566986083984,152.31300354003906,101.37198638916016,225.55186462402344,213.4633331298828
2021-03-26 00:00:00+00:00,118.83351135253906,152.60150146484375,100.98644256591797,229.57089233398438,206.23666381835938
2021-03-29 00:00:00+00:00,119.00999450683594,153.7864990234375,102.03683471679688,228.36715698242188,203.76333618164062
2021-03-30 00:00:00+00:00,117.54920196533203,152.76449584960938,102.07075500488281,225.07618713378906,211.8733367919922
2021-03-31 00:00:00+00:00,119.7551040649414,154.70399475097656,102.87127685546875,228.88168334960938,222.64332580566406
2021-04-01 00:00:00+00:00,120.58841705322266,158.0500030517578,106.22596740722656,235.2694091796875,220.5833282470703
2021-04-05 00:00:00+00:00,123.43157958984375,161.3365020751953,110.6739501953125,241.79312133789062,230.35000610351562
2021-04-06 00:00:00+00:00,123.73548126220703,161.1909942626953,110.19014739990234,240.61843872070312,230.5399932861328
2021-04-07 00:00:00+00:00,125.3923568725586,163.96949768066406,111.67497253417969,242.5988311767578,223.6566619873047
2021-04-08 00:00:00+00:00,127.80413818359375,164.96499633789062,112.24356842041016,245.85096740722656,227.93333435058594
2021-04-09 00:00:00+00:00,130.3923797607422,168.61000061035156,113.25306701660156,248.375,225.67333984375
2021-04-12 00:00:00+00:00,128.66690063476562,168.96949768066406,111.95378112792969,248.43324279785156,233.9933319091797
2021-04-13 00:00:00+00:00,131.7943115234375,170.0,112.44306945800781,250.93785095214844,254.10667419433594
2021-04-14 00:00:00+00:00,129.4413604736328,166.64999389648438,111.81861877441406,248.12257385253906,244.07666015625
2021-04-15 00:00:00+00:00,131.8629608154297,168.95449829101562,113.98026275634766,251.9182891845703,246.28334045410156
2021-04-16 00:00:00+00:00,131.52964782714844,169.9720001220703,113.85557556152344,253.12213134765625,246.5933380126953
2021-04-19 00:00:00+00:00,132.19627380371094,168.60049438476562,114.20520782470703,251.18057250976562,238.2100067138672
2021-04-20 00:00:00+00:00,130.50021362304688,166.7344970703125,113.66903686523438,250.71461486816406,239.663330078125
2021-04-21 00:00:00+00:00,130.88253784179688,168.1009979248047,113.63612365722656,252.9668426513672,248.0399932861328
2021-04-22 00:00:00+00:00,129.3531494140625,165.45199584960938,112.34780883789062,249.6564483642578,239.89666748046875
2021-04-23 00:00:00+00:00,131.6864776611328,167.04400634765625,114.71245574951172,253.52012634277344,243.13333129882812
2021-04-26 00:00:00+00:00,132.07862854003906,170.4499969482422,115.21121978759766,253.90846252441406,246.06666564941406
2021-04-27 00:00:00+00:00,131.7550811767578,170.8715057373047,114.26605987548828,254.31622314453125,234.913330078125
2021-04-28 00:00:00+00:00,130.96095275878906,172.9250030517578,117.66065979003906,247.12269592285156,231.46665954589844
2021-04-29 00:00:00+00:00,130.8629150390625,173.5655059814453,119.34248352050781,245.132568359375,225.6666717529297
2021-04-30 00:00:00+00:00,128.88255310058594,173.37100219726562,117.38433837890625,244.81222534179688,236.47999572753906
2021-05-03 00:00:00+00:00,129.94137573242188,169.32449340820312,116.8646240234375,244.50157165527344,228.3000030517578
2021-05-04 00:00:00+00:00,125.34333038330078,165.593505859375,115.05660247802734,240.55047607421875,224.53334045410156
2021-05-05 00:00:00+00:00,125.58842468261719,163.52699279785156,115.45262145996094,239.26904296875,223.64666748046875
2021-05-06 00:00:00+00:00,127.19628143310547,165.31849670410156,116.5788345336914,242.43380737304688,221.17999267578125
2021-05-07 00:00:00+00:00,127.87389373779297,164.58050537109375,117.30602264404297,245.08404541015625,224.1233367919922
2021-05-10 00:00:00+00:00,124.57417297363281,159.52450561523438,114.3044662475586,239.9582977294922,209.67999267578125
2021-05-11 00:00:00+00:00,123.65103912353516,161.19549560546875,113.22264099121094,239.0360565185547,205.73333740234375
2021-05-12 00:00:00+00:00,120.56735229492188,157.5970001220703,109.74076080322266,232.01731872558594,196.6300048828125
2021-05-13 00:00:00+00:00,122.7279052734375,158.07350158691406,111.17671203613281,235.92953491210938,190.56333923339844
2021-05-14 00:00:00+00:00,125.16341400146484,161.14500427246094,113.63761138916016,240.89996337890625,196.5800018310547
2021-05-17 00:00:00+00:00,124.00458526611328,163.51950073242188,114.16331481933594,238.01673889160156,192.27667236328125
2021-05-18 00:00:00+00:00,122.61005401611328,161.61399841308594,112.84407806396484,235.97808837890625,192.6233367919922
2021-05-19 00:00:00+00:00,122.45294189453125,161.58999633789062,113.2944564819336,236.56190490722656,187.82000732421875
2021-05-20 00:00:00+00:00,125.02591705322266,162.38400268554688,115.06259155273438,239.8312530517578,195.5933380126953
2021-05-21 00:00:00+00:00,123.17964935302734,160.1540069580078,114.42316436767578,238.55662536621094,193.6266632080078
2021-05-24 00:00:00+00:00,124.81969451904297,162.24949645996094,117.76040649414062,244.0153045654297,202.14666748046875
2021-05-25 00:00:00+00:00,124.6232681274414,162.95249938964844,117.8516845703125,244.929931640625,201.56333923339844
2021-05-26 00:00:00+00:00,124.57417297363281,163.25799560546875,118.72152709960938,244.7061767578125,206.3766632080078
2021-05-27 00:00:00+00:00,123.0323486328125,161.5054931640625,117.84220123291016,242.5849151611328,210.28334045410156
2021-05-28 00:00:00+00:00,122.3743667602539,161.15350341796875,117.55142211914062,242.9449462890625,208.4066619873047
2021-06-01 00:00:00+00:00,122.05028533935547,160.9324951171875,118.7649154663086,240.72647094726562,207.96665954589844
2021-06-02 00:00:00+00:00,122.81629180908203,161.69949340820312,118.23673248291016,240.62918090820312,201.7066650390625
2021-06-03 00:00:00+00:00,121.32355499267578,159.35049438476562,117.08906555175781,239.08204650878906,190.94667053222656
2021-06-04 00:00:00+00:00,123.63140106201172,160.31100463867188,119.38288116455078,244.0250244140625,199.68333435058594
2021-06-07 00:00:00+00:00,123.6412353515625,159.90049743652344,119.81831359863281,246.96356201171875,201.7100067138672
2021-06-08 00:00:00+00:00,124.46614837646484,163.20550537109375,119.62578582763672,245.75701904296875,201.19667053222656
2021-06-09 00:00:00+00:00,124.84913635253906,164.0574951171875,120.09961700439453,246.74951171875,199.5933380126953
2021-06-10 00:00:00+00:00,123.84745025634766,167.4824981689453,121.45575714111328,250.301025390625,203.3733367919922
2021-06-11 00:00:00+00:00,125.06520080566406,167.3415069580078,121.2098617553711,250.9335174560547,203.29666137695312
2021-06-14 00:00:00+00:00,128.13905334472656,169.19349670410156,122.14305877685547,252.87954711914062,205.89666748046875
2021-06-15 00:00:00+00:00,127.31414794921875,169.156494140625,121.11959075927734,251.3907928466797,199.7866668701172
2021-06-16 00:00:00+00:00,127.81497192382812,170.7624969482422,120.47418212890625,250.43727111816406,201.6233367919922
2021-06-17 00:00:00+00:00,129.425537109375,174.46200561523438,121.44278717041016,253.86227416992188,205.53334045410156
2021-06-18 00:00:00+00:00,128.11940002441406,174.34500122070312,119.81431579589844,252.43197631835938,207.77000427246094
2021-06-21 00:00:00+00:00,129.9263916015625,172.697998046875,121.5116195678711,255.5456085205078,206.94332885742188
2021-06-22 00:00:00+00:00,131.57626342773438,175.27200317382812,122.02833557128906,258.3479919433594,207.90333557128906
2021-06-23 00:00:00+00:00,131.30126953125,175.1909942626953,121.82533264160156,258.1144104003906,218.85667419433594
2021-06-24 00:00:00+00:00,131.0164794921875,172.45399475097656,122.19741821289062,259.4961242675781,226.60667419433594
2021-06-25 00:00:00+00:00,130.72186279296875,170.072998046875,122.20589447021484,257.87115478515625,223.9566650390625
2021-06-28 00:00:00+00:00,132.36190795898438,172.1945037841797,122.23332977294922,261.4713439941406,229.57333374023438
2021-06-29 00:00:00+00:00,133.8841094970703,172.40699768066406,121.9704818725586,264.0790710449219,226.9199981689453
2021-06-30 00:00:00+00:00,134.50277709960938,172.00799560546875,121.78793334960938,263.5925598144531,226.56666564941406
2021-07-01 00:00:00+00:00,134.80726623535156,171.64849853515625,122.14205932617188,264.2737121582031,225.97332763671875
2021-07-02 00:00:00+00:00,137.44900512695312,175.5489959716797,124.94810485839844,270.1604919433594,226.3000030517578
2021-07-06 00:00:00+00:00,139.4720001220703,183.78700256347656,125.87831115722656,270.17022705078125,219.86000061035156
2021-07-07 00:00:00+00:00,141.9762725830078,184.82899475097656,126.1615982055664,272.37896728515625,214.88333129882812
2021-07-08 00:00:00+00:00,140.67013549804688,186.57049560546875,124.7351303100586,269.93670654296875,217.60333251953125
2021-07-09 00:00:00+00:00,142.50657653808594,185.9669952392578,125.20846557617188,270.4426574707031,218.98333740234375
2021-07-12 00:00:00+00:00,141.90750122070312,185.92750549316406,126.661865234375,269.83941650390625,228.56666564941406
2021-07-13 00:00:00+00:00,143.02703857421875,183.8679962158203,127.02696228027344,273.4006652832031,222.84666442871094
2021-07-14 00:00:00+00:00,146.4740753173828,184.08399963378906,127.92024993896484,274.8893737792969,217.7933349609375
2021-07-15 00:00:00+00:00,145.81613159179688,181.55999755859375,126.69129180908203,273.4493103027344,216.86666870117188
2021-07-16 00:00:00+00:00,143.7635955810547,178.68150329589844,126.65637969970703,273.1768493652344,214.74000549316406
2021-07-19 00:00:00+00:00,139.89430236816406,177.47950744628906,124.2702865600586,269.53778076171875,215.4066619873047
2021-07-20 00:00:00+00:00,143.52792358398438,178.6595001220703,125.89775848388672,271.78546142578125,220.1666717529297
2021-07-21 00:00:00+00:00,142.79135131835938,179.25999450683594,127.23395538330078,273.8092346191406,218.42999267578125
2021-07-22 00:00:00+00:00,144.16627502441406,181.90150451660156,128.1042938232422,278.4215087890625,216.4199981689453
2021-07-23 00:00:00+00:00,145.8946533203125,182.83200073242188,132.6864471435547,281.8562927246094,214.4600067138672
2021-07-26 00:00:00+00:00,146.31698608398438,184.99099731445312,133.7039337158203,281.2528991699219,219.2066650390625
2021-07-27 00:00:00+00:00,144.1367950439453,181.3195037841797,131.57418823242188,278.81072998046875,214.92666625976562
2021-07-28 00:00:00+00:00,142.37890625,181.51600646972656,135.75782775878906,278.4992980957031,215.66000366210938
2021-07-29 00:00:00+00:00,143.02703857421875,179.99600219726562,135.44212341308594,278.771728515625,225.78334045410156
2021-07-30 00:00:00+00:00,143.2431182861328,166.37950134277344,134.3937225341797,277.22467041015625,229.06666564941406
2021-08-02 00:00:00+00:00,142.90919494628906,166.57400512695312,134.52142333984375,277.1371154785156,236.55667114257812
2021-08-03 00:00:00+00:00,144.7161865234375,168.31199645996094,135.29498291015625,279.3749694824219,236.5800018310547
2021-08-04 00:00:00+00:00,144.31353759765625,167.73599243164062,134.79173278808594,278.781494140625,236.97332763671875
2021-08-05 00:00:00+00:00,144.42156982421875,168.79949951171875,135.91494750976562,281.7102355957031,238.2100067138672
2021-08-06 00:00:00+00:00,143.7331085205078,167.2469940185547,135.40321350097656,281.65191650390625,233.03334045410156
2021-08-09 00:00:00+00:00,143.68392944335938,167.093505859375,136.57481384277344,280.5523681640625,237.9199981689453
2021-08-10 00:00:00+00:00,143.20201110839844,166.03399658203125,136.46908569335938,278.71337890625,236.663330078125
2021-08-11 00:00:00+00:00,143.4577178955078,164.60549926757812,135.94239807128906,279.2095947265625,235.94000244140625
2021-08-12 00:00:00+00:00,146.43783569335938,165.1750030517578,136.85513305664062,281.9923400878906,240.75
2021-08-13 00:00:00+00:00,146.6443634033203,164.69850158691406,137.38729858398438,284.9504699707031,239.05667114257812
2021-08-16 00:00:00+00:00,148.631103515625,164.94949340820312,137.96786499023438,286.6532897949219,228.72332763671875
2021-08-17 00:00:00+00:00,147.71641540527344,162.09800720214844,136.32394409179688,285.1742248535156,221.90333557128906
2021-08-18 00:00:00+00:00,143.9495086669922,160.06100463867188,135.11444091796875,283.42919921875,229.663330078125
2021-08-19 00:00:00+00:00,144.2838897705078,159.3874969482422,135.34486389160156,289.3175048828125,224.49000549316406
2021-08-20 00:00:00+00:00,145.7493438720703,159.99749755859375,137.0900421142578,296.7169189453125,226.75332641601562
2021-08-23 00:00:00+00:00,147.2443389892578,163.2935028076172,139.6956024169922,296.9996337890625,235.43333435058594
2021-08-24 00:00:00+00:00,147.15579223632812,165.28900146484375,140.91258239746094,295.0206298828125,236.163330078125
2021-08-25 00:00:00+00:00,145.91656494140625,164.95899963378906,141.72805786132812,294.4259948730469,237.06666564941406
2021-08-26 00:00:00+00:00,145.1100616455078,165.8000030517578,141.0911407470703,291.57928466796875,233.72000122070312
2021-08-27 00:00:00+00:00,146.1526336669922,167.48150634765625,143.64830017089844,292.1935119628906,237.30667114257812
2021-08-30 00:00:00+00:00,150.59814453125,171.07850646972656,144.2333526611328,295.96624755859375,243.6366729736328
2021-08-31 00:00:00+00:00,149.32940673828125,173.5395050048828,144.340087890625,294.29925537109375,245.24000549316406
2021-09-01 00:00:00+00:00,149.9982147216797,173.9499969482422,144.8568115234375,294.25042724609375,244.69667053222656
2021-09-02 00:00:00+00:00,151.11941528320312,173.156005859375,142.93307495117188,293.5875549316406,244.1300048828125
2021-09-03 00:00:00+00:00,151.75872802734375,173.90249633789062,143.38446044921875,293.5777587890625,244.52333068847656
2021-09-07 00:00:00+00:00,154.109375,175.46449279785156,143.9241180419922,292.641845703125,250.97332763671875
2021-09-08 00:00:00+00:00,152.55538940429688,176.27499389648438,143.33607482910156,292.6711120605469,251.2899932861328
2021-09-09 00:00:00+00:00,151.53248596191406,174.20799255371094,143.1864471435547,289.78546142578125,251.6199951171875
2021-09-10 00:00:00+00:00,146.51649475097656,173.45750427246094,140.5280303955078,288.2840881347656,245.42333984375
2021-09-13 00:00:00+00:00,147.0869598388672,172.85850524902344,141.98094177246094,289.531982421875,247.6666717529297
2021-09-14 00:00:00+00:00,145.68048095703125,172.5,142.19241333007812,292.26171875,248.163330078125
2021-09-15 00:00:00+00:00,146.57553100585938,173.7895050048828,144.07275390625,297.1654052734375,251.94332885742188
2021-09-16 00:00:00+00:00,146.33946228027344,174.41200256347656,143.25527954101562,297.5552978515625,252.3300018310547
2021-09-17 00:00:00+00:00,143.65443420410156,173.12600708007812,140.4522247314453,292.33966064453125,253.163330078125
2021-09-20 00:00:00+00:00,140.58580017089844,167.7864990234375,138.37684631347656,286.9095153808594,243.38999938964844
2021-09-21 00:00:00+00:00,141.06776428222656,167.18150329589844,138.68959045410156,287.39703369140625,246.4600067138672
2021-09-22 00:00:00+00:00,143.44790649414062,169.00250244140625,139.93699645996094,291.08203125,250.64666748046875
2021-09-23 00:00:00+00:00,144.41175842285156,170.8000030517578,140.86720275878906,292.0374755859375,251.2133331298828
2021-09-24 00:00:00+00:00,144.50027465820312,171.2760009765625,141.8637237548828,291.8327331542969,258.1300048828125
2021-09-27 00:00:00+00:00,142.97581481933594,170.2899932861328,140.72354125976562,286.7828369140625,263.78668212890625
2021-09-28 00:00:00+00:00,139.57276916503906,165.79800415039062,135.49449157714844,276.4002685546875,259.1866760253906
2021-09-29 00:00:00+00:00,140.4776153564453,165.05599975585938,134.02163696289062,276.8681945800781,260.4366760253906
2021-09-30 00:00:00+00:00,139.16954040527344,164.2519989013672,133.34580993652344,274.8404846191406,258.49334716796875
2021-10-01 00:00:00+00:00,140.30059814453125,164.16299438476562,136.2057342529297,281.84014892578125,258.40667724609375
2021-10-04 00:00:00+00:00,136.848388671875,159.48899841308594,133.329345703125,276.0005187988281,260.510009765625
2021-10-05 00:00:00+00:00,138.7859649658203,161.0500030517578,135.68701171875,281.5086669921875,260.1966552734375
2021-10-06 00:00:00+00:00,139.66131591796875,163.10049438476562,137.22520446777344,285.7494201660156,260.9166564941406
2021-10-07 00:00:00+00:00,140.93002319335938,165.1215057373047,138.881103515625,287.4457702636719,264.53668212890625
2021-10-08 00:00:00+00:00,140.54647827148438,164.43099975585938,139.4402313232422,287.4457702636719,261.8299865722656
2021-10-11 00:00:00+00:00,140.4579620361328,162.31500244140625,138.5708770751953,286.84136962890625,263.9800109863281
2021-10-12 00:00:00+00:00,139.17935180664062,162.3665008544922,136.11196899414062,285.5252685546875,268.5733337402344
2021-10-13 00:00:00+00:00,138.5892333984375,164.21400451660156,137.24217224121094,288.86907958984375,270.3599853515625
2021-10-14 00:00:00+00:00,141.3922882080078,164.9929962158203,140.80233764648438,295.1473388671875,272.7733459472656
2021-10-15 00:00:00+00:00,142.4545440673828,170.4510040283203,141.01881408691406,296.5707092285156,281.010009765625
2021-10-18 00:00:00+00:00,144.1363983154297,172.33700561523438,142.42532348632812,299.5733947753906,290.03668212890625
2021-10-19 00:00:00+00:00,146.30996704101562,172.20750427246094,142.88319396972656,300.4897766113281,288.0899963378906
2021-10-20 00:00:00+00:00,146.8017120361328,170.7530059814453,141.4188232421875,299.6903381347656,288.6000061035156
2021-10-21 00:00:00+00:00,147.01812744140625,171.75050354003906,141.53553771972656,302.9562072753906,298.0
2021-10-22 00:00:00+00:00,146.24111938476562,166.77749633789062,137.22669982910156,301.3963623046875,303.2266540527344
2021-10-25 00:00:00+00:00,146.1919403076172,166.01849365234375,137.10751342773438,300.3923034667969,341.6199951171875
2021-10-26 00:00:00+00:00,146.8607635498047,168.80349731445312,138.9644012451172,302.32257080078125,339.4766540527344
2021-10-27 00:00:00+00:00,146.3985137939453,169.62449645996094,145.85633850097656,315.0545654296875,345.9533386230469
2021-10-28 00:00:00+00:00,150.05723571777344,172.32850646972656,145.48875427246094,316.2049255371094,359.0133361816406
2021-10-29 00:00:00+00:00,147.3328399658203,168.6215057373047,147.68031311035156,323.29229736328125,371.3333435058594
2021-11-01 00:00:00+00:00,146.50669860839844,165.90550231933594,143.14254760742188,321.0989074707031,402.86334228515625
2021-11-02 00:00:00+00:00,147.54922485351562,165.6374969482422,145.07327270507812,324.7644348144531,390.6666564941406
2021-11-03 00:00:00+00:00,148.99501037597656,169.1999969482422,146.23590087890625,325.6126403808594,404.6199951171875
2021-11-04 00:00:00+00:00,148.47373962402344,173.85000610351562,147.90127563476562,327.9913330078125,409.9700012207031
2021-11-05 00:00:00+00:00,149.005615234375,175.94949340820312,148.4843292236328,327.62091064453125,407.36334228515625
2021-11-08 00:00:00+00:00,148.17828369140625,174.44900512695312,148.6628875732422,328.5275573730469,387.64666748046875
2021-11-09 00:00:00+00:00,148.5426788330078,178.81149291992188,148.55067443847656,327.5137023925781,341.1666564941406
2021-11-10 00:00:00+00:00,145.6961212158203,174.1024932861328,145.5331268310547,322.4929504394531,355.98333740234375
2021-11-11 00:00:00+00:00,145.64688110351562,173.625,145.4064483642578,324.08203125,354.5033264160156
2021-11-12 00:00:00+00:00,147.73501586914062,176.25750732421875,148.3107452392578,328.2643127441406,344.47332763671875
2021-11-15 00:00:00+00:00,147.74488830566406,177.28399658203125,148.08531188964844,327.63067626953125,337.7966613769531
2021-11-16 00:00:00+00:00,148.72982788085938,177.03500366210938,147.5107421875,330.9842834472656,351.57666015625
2021-11-17 00:00:00+00:00,151.1824188232422,177.4499969482422,147.68130493164062,331.20880126953125,363.0033264160156
2021-11-18 00:00:00+00:00,155.4965362548828,184.80299377441406,149.46839904785156,333.3087463378906,365.4599914550781
2021-11-19 00:00:00+00:00,158.13624572753906,183.82850646972656,148.5586395263672,335.1058044433594,379.0199890136719
2021-11-22 00:00:00+00:00,158.5991973876953,178.6284942626953,145.9406280517578,331.9023132324219,385.6233215332031
2021-11-23 00:00:00+00:00,158.98330688476562,179.0019989013672,145.4219207763672,329.8024597167969,369.6766662597656
2021-11-24 00:00:00+00:00,159.50534057617188,179.02049255371094,145.75906372070312,330.0270690917969,372.0
2021-11-26 00:00:00+00:00,154.45245361328125,175.22799682617188,141.83180236816406,321.98907470703125,360.6400146484375
2021-11-29 00:00:00+00:00,157.83091735839844,178.07850646972656,145.17103576660156,328.7769775390625,378.9966735839844
2021-11-30 00:00:00+00:00,162.81483459472656,175.35350036621094,141.54701232910156,322.8778991699219,381.586669921875
2021-12-01 00:00:00+00:00,162.2928009033203,172.18600463867188,140.70309448242188,322.3797912597656,365.0
2021-12-02 00:00:00+00:00,161.2979736328125,171.8679962158203,142.6128692626953,321.803466796875,361.5333251953125
2021-12-03 00:00:00+00:00,159.4068603515625,169.489501953125,141.6507568359375,315.4747314453125,338.3233337402344
2021-12-06 00:00:00+00:00,162.8345489501953,171.36849975585938,142.80140686035156,318.5804748535156,336.336669921875
2021-12-07 00:00:00+00:00,168.60641479492188,176.1645050048828,146.90574645996094,327.1068115234375,350.5833435058594
2021-12-08 00:00:00+00:00,172.44781494140625,176.1580047607422,147.82046508789062,327.1556701660156,356.32000732421875
2021-12-09 00:00:00+00:00,171.93560791015625,174.17100524902344,147.27383422851562,325.32928466796875,334.6000061035156
2021-12-10 00:00:00+00:00,176.7520751953125,172.21200561523438,147.63592529296875,334.5490417480469,339.010009765625
2021-12-13 00:00:00+00:00,173.097900390625,169.5675048828125,145.46630859375,331.4822998046875,322.13665771484375
2021-12-14 00:00:00+00:00,171.70907592773438,169.0915069580078,143.55152893066406,320.6803894042969,319.5033264160156
2021-12-15 00:00:00+00:00,176.60435485839844,173.31500244140625,146.07928466796875,326.84320068359375,325.3299865722656
2021-12-16 00:00:00+00:00,169.67022705078125,168.87100219726562,144.08822631835938,317.32061767578125,308.97332763671875
2021-12-17 00:00:00+00:00,168.56703186035156,170.0175018310547,141.37493896484375,316.2462463378906,310.8566589355469
2021-12-20 00:00:00+00:00,167.19793701171875,167.07899475097656,141.25721740722656,312.447021484375,299.9800109863281
2021-12-21 00:00:00+00:00,170.38925170898438,170.41700744628906,143.1181182861328,319.6548767089844,312.84332275390625
2021-12-22 00:00:00+00:00,172.9993896484375,171.03700256347656,146.0533447265625,325.427001953125,336.2900085449219
2021-12-23 00:00:00+00:00,173.6297607421875,171.06849670410156,146.55360412597656,326.8821716308594,355.6666564941406
2021-12-27 00:00:00+00:00,177.61886596679688,169.66949462890625,147.54115295410156,334.4612121582031,364.64666748046875
2021-12-28 00:00:00+00:00,176.594482421875,170.66099548339844,146.32467651367188,333.2891540527344,362.8233337402344
2021-12-29 00:00:00+00:00,176.6831512451172,169.2010040283203,146.29275512695312,333.972900390625,362.0633239746094
2021-12-30 00:00:00+00:00,175.5208740234375,168.64450073242188,145.83937072753906,331.40423583984375,356.7799987792969
2021-12-31 00:00:00+00:00,174.90037536621094,166.7169952392578,144.49420166015625,328.4742431640625,352.260009765625
2022-01-03 00:00:00+00:00,179.2736053466797,170.4044952392578,144.63336181640625,326.94085693359375,399.9266662597656
2022-01-04 00:00:00+00:00,176.9983367919922,167.52200317382812,144.04283142089844,321.334716796875,383.1966552734375
2022-01-05 00:00:00+00:00,172.29017639160156,164.35699462890625,137.43467712402344,308.99932861328125,362.7066650390625
2022-01-06 00:00:00+00:00,169.4141082763672,163.25399780273438,137.40725708007812,306.5577392578125,354.8999938964844
2022-01-07 00:00:00+00:00,169.58152770996094,162.5540008544922,136.67855834960938,306.7139587402344,342.32000732421875
2022-01-10 00:00:00+00:00,169.60125732421875,161.48599243164062,138.3269805908203,306.9385986328125,352.7066650390625
2022-01-11 00:00:00+00:00,172.44781494140625,165.36199951171875,139.39083862304688,307.632080078125,354.79998779296875
2022-01-12 00:00:00+00:00,172.8910369873047,165.20700073242188,141.08114624023438,310.84527587890625,368.739990234375
2022-01-13 00:00:00+00:00,169.60125732421875,161.21400451660156,138.24468994140625,297.68951416015625,343.85333251953125
2022-01-14 00:00:00+00:00,170.46804809570312,162.13800048828125,139.13597106933594,302.9635925292969,349.8699951171875
2022-01-18 00:00:00+00:00,167.2471923828125,158.91749572753906,135.66207885742188,295.5896911621094,343.5033264160156
2022-01-19 00:00:00+00:00,163.73085021972656,156.2989959716797,134.7827606201172,296.2537536621094,331.8833312988281
2022-01-20 00:00:00+00:00,162.03671264648438,151.66749572753906,132.9782257080078,294.5641174316406,332.0899963378906
2022-01-21 00:00:00+00:00,159.96829223632812,142.64300537109375,130.02952575683594,289.1241149902344,314.6333312988281
2022-01-24 00:00:00+00:00,159.19015502929688,144.54400634765625,130.4809112548828,289.4561767578125,310.0
2022-01-25 00:00:00+00:00,157.3778076171875,139.98599243164062,126.6214599609375,281.760009765625,306.1333312988281
2022-01-26 00:00:00+00:00,157.2891845703125,138.87249755859375,128.91378784179688,289.7882080078125,312.4700012207031
2022-01-27 00:00:00+00:00,156.82626342773438,139.6374969482422,128.6863555908203,292.84515380859375,276.3666687011719
2022-01-28 00:00:00+00:00,167.7692108154297,143.97799682617188,133.0216064453125,301.06878662109375,282.1166687011719
2022-01-31 00:00:00+00:00,172.15234375,149.57350158691406,134.96929931640625,303.7253112792969,312.239990234375
2022-02-01 00:00:00+00:00,171.98484802246094,151.19349670410156,137.30401611328125,301.5571594238281,310.4166564941406
2022-02-02 00:00:00+00:00,173.19638061523438,150.6125030517578,147.63442993164062,306.1474914550781,301.88665771484375
2022-02-03 00:00:00+00:00,170.30056762695312,138.8455047607422,142.73655700683594,294.2222900390625,297.0466613769531
2022-02-04 00:00:00+00:00,170.01455688476562,157.63949584960938,142.93907165527344,298.8029479980469,307.7733459472656
2022-02-07 00:00:00+00:00,169.2946319580078,157.9355010986328,138.857177734375,293.92938232421875,302.4466552734375
2022-02-08 00:00:00+00:00,172.42095947265625,161.4134979248047,139.05467224121094,297.4551086425781,307.3333435058594
2022-02-09 00:00:00+00:00,173.85096740722656,161.1894989013672,141.24224853515625,303.9500427246094,310.6666564941406
2022-02-10 00:00:00+00:00,169.74827575683594,159.0034942626953,138.27760314941406,295.32598876953125,301.51666259765625
2022-02-11 00:00:00+00:00,166.3162384033203,153.2935028076172,133.95082092285156,288.1571960449219,286.6666564941406
2022-02-14 00:00:00+00:00,166.55294799804688,155.16700744628906,135.1912384033203,288.1181335449219,291.9200134277344
2022-02-15 00:00:00+00:00,170.40908813476562,156.510498046875,136.2710723876953,293.46051025390625,307.4766540527344
2022-02-16 00:00:00+00:00,170.17237854003906,158.10049438476562,137.3977813720703,293.11798095703125,307.7966613769531
2022-02-17 00:00:00+00:00,166.55294799804688,154.65249633789062,132.21160888671875,284.53485107421875,292.1166687011719
2022-02-18 00:00:00+00:00,164.99472045898438,152.60150146484375,130.08090209960938,281.79449462890625,285.6600036621094
2022-02-22 00:00:00+00:00,162.0557861328125,150.19749450683594,129.49285888671875,281.58905029296875,273.84332275390625
2022-02-23 00:00:00+00:00,157.86434936523438,144.82699584960938,127.2728500366211,274.2977600097656,254.67999267578125
2022-02-24 00:00:00+00:00,160.49755859375,151.35800170898438,132.3632354736328,288.3125915527344,266.92333984375
2022-02-25 00:00:00+00:00,162.57847595214844,153.7884979248047,134.12738037109375,290.97467041015625,269.9566650390625
2022-02-28 00:00:00+00:00,162.84474182128906,153.56300354003906,134.72340393066406,292.423095703125,290.1433410644531
2022-03-01 00:00:00+00:00,160.95118713378906,151.14199829101562,133.7303466796875,288.66497802734375,288.1233215332031
2022-03-02 00:00:00+00:00,164.26490783691406,152.05250549316406,134.23910522460938,293.79327392578125,293.2966613769531
2022-03-03 00:00:00+00:00,163.93946838378906,147.89849853515625,133.56875610351562,289.6142883300781,279.7633361816406
2022-03-04 00:00:00+00:00,160.92161560058594,145.64100646972656,131.58067321777344,283.68341064453125,279.42999267578125
2022-03-07 00:00:00+00:00,157.10496520996094,137.4530029296875,126.06634521484375,272.966796875,268.1933288574219
2022-03-08 00:00:00+00:00,155.27056884765625,136.01449584960938,126.7905502319336,269.9719543457031,274.79998779296875
2022-03-09 00:00:00+00:00,160.7046661376953,139.2790069580078,133.09043884277344,282.35235595703125,286.3233337402344
2022-03-10 00:00:00+00:00,156.335693359375,146.8175048828125,132.10240173339844,279.50439453125,279.4333190917969
2022-03-11 00:00:00+00:00,152.59791564941406,145.52450561523438,129.54971313476562,274.10198974609375,265.1166687011719
2022-03-14 00:00:00+00:00,148.54457092285156,141.85299682617188,125.639892578125,270.54937744140625,255.4566650390625
2022-03-15 00:00:00+00:00,152.9529571533203,147.3665008544922,128.8788604736328,281.0311584472656,267.2966613769531
2022-03-16 00:00:00+00:00,157.39097595214844,153.10400390625,132.9512939453125,288.1168518066406,280.07666015625
2022-03-17 00:00:00+00:00,158.40675354003906,157.23899841308594,133.5084228515625,288.92919921875,290.5333251953125
2022-03-18 00:00:00+00:00,161.720458984375,161.25050354003906,135.7892608642578,294.0281677246094,301.7966613769531
2022-03-21 00:00:00+00:00,163.10116577148438,161.4915008544922,135.76531982421875,292.7852478027344,307.0533447265625
2022-03-22 00:00:00+00:00,166.4937744140625,164.88900756835938,139.52252197265625,297.5808410644531,331.32666015625
2022-03-23 00:00:00+00:00,167.8646240234375,163.4080047607422,137.9339599609375,293.1081848144531,333.03668212890625
2022-03-24 00:00:00+00:00,171.6714324951172,163.64950561523438,141.22232055664062,297.61993408203125,337.97332763671875
2022-03-25 00:00:00+00:00,172.3124542236328,164.77349853515625,141.32305908203125,297.20892333984375,336.8800048828125
2022-03-28 00:00:00+00:00,173.1803436279297,168.99049377441406,141.10610961914062,304.0793762207031,363.9466552734375
2022-03-29 00:00:00+00:00,176.49403381347656,169.31500244140625,142.15350341796875,308.68896484375,366.5233459472656
2022-03-30 00:00:00+00:00,175.32044982910156,166.30099487304688,141.58790588378906,307.1719970703125,364.663330078125
2022-03-31 00:00:00+00:00,172.20396423339844,162.99749755859375,138.7239990234375,301.7402648925781,359.20001220703125
2022-04-01 00:00:00+00:00,171.90811157226562,163.55999755859375,139.8043212890625,302.82659912109375,361.5299987792969
2022-04-04 00:00:00+00:00,175.98123168945312,168.34649658203125,142.61834716796875,308.25830078125,381.8166809082031
2022-04-05 00:00:00+00:00,172.6477813720703,164.05499267578125,140.24374389648438,304.2554626464844,363.7533264160156
2022-04-06 00:00:00+00:00,169.46231079101562,158.75599670410156,136.21072387695312,293.11798095703125,348.586669921875
2022-04-07 00:00:00+00:00,169.7680206298828,157.7845001220703,135.5528564453125,294.9481201171875,352.4200134277344
2022-04-08 00:00:00+00:00,167.74624633789062,154.4604949951172,132.95828247070312,290.64190673828125,341.8299865722656
2022-04-11 00:00:00+00:00,163.46604919433594,151.1219940185547,128.50531005859375,279.1814270019531,325.30999755859375
2022-04-12 00:00:00+00:00,165.34974670410156,150.78750610351562,127.39904022216797,276.0495910644531,328.98333740234375
2022-04-13 00:00:00+00:00,168.05201721191406,155.54100036621094,129.57315063476562,281.4911193847656,340.7900085449219
2022-04-14 00:00:00+00:00,163.0123748779297,151.7064971923828,126.41697692871094,273.86712646484375,328.3333435058594
2022-04-18 00:00:00+00:00,162.79542541503906,152.78500366210938,127.36113739013672,274.54241943359375,334.7633361816406
2022-04-19 00:00:00+00:00,165.0933380126953,158.11549377441406,129.68788146972656,279.2205505371094,342.7166748046875
2022-04-20 00:00:00+00:00,164.9256591796875,153.9980010986328,127.7237319946289,280.2579650878906,325.73333740234375
2022-04-21 00:00:00+00:00,164.12681579589844,148.29600524902344,124.5062026977539,274.82623291015625,336.260009765625
2022-04-22 00:00:00+00:00,159.5606231689453,144.35000610351562,119.33999633789062,268.1907043457031,335.01666259765625
2022-04-25 00:00:00+00:00,160.6356201171875,146.07400512695312,122.7699966430664,274.7381591796875,332.67333984375
2022-04-26 00:00:00+00:00,154.63937377929688,139.39100646972656,118.35693359375,264.4619140625,292.1400146484375
2022-04-27 00:00:00+00:00,154.41258239746094,138.16700744628906,114.0121841430664,277.18487548828125,293.836669921875
2022-04-28 00:00:00+00:00,161.38514709472656,144.59649658203125,118.22974395751953,283.458251953125,292.5033264160156
2022-04-29 00:00:00+00:00,155.4776611328125,124.28150177001953,113.82763671875,271.6063232421875,290.2533264160156
2022-05-02 00:00:00+00:00,155.783447265625,124.5,116.29502868652344,278.40826416015625,300.9800109863281
2022-05-03 00:00:00+00:00,157.28245544433594,124.25350189208984,117.04418182373047,275.7755432128906,303.0833435058594
2022-05-04 00:00:00+00:00,163.7323455810547,125.92849731445312,121.9590072631836,283.80084228515625,317.5400085449219
2022-05-05 00:00:00+00:00,154.6098175048828,116.40699768066406,116.21772766113281,271.44000244140625,291.09332275390625
2022-05-06 00:00:00+00:00,155.34068298339844,114.77249908447266,115.4605941772461,268.87579345703125,288.54998779296875
2022-05-09 00:00:00+00:00,150.18505859375,108.78900146484375,112.23309326171875,258.94207763671875,262.3699951171875
2022-05-10 00:00:00+00:00,152.60484313964844,108.85900115966797,114.11243438720703,263.7572326660156,266.67999267578125
2022-05-11 00:00:00+00:00,144.693603515625,105.37200164794922,113.32189178466797,254.99801635742188,244.6666717529297
2022-05-12 00:00:00+00:00,140.8021697998047,106.93049621582031,112.56526947021484,249.9087677001953,242.6666717529297
2022-05-13 00:00:00+00:00,145.2960662841797,113.05500030517578,115.76385498046875,255.5558319091797,256.5299987792969
2022-05-16 00:00:00+00:00,143.7454071044922,110.81050109863281,114.16231536865234,255.92770385742188,241.4566650390625
2022-05-17 00:00:00+00:00,147.3998260498047,115.36849975585938,116.185302734375,261.1343078613281,253.8699951171875
2022-05-18 00:00:00+00:00,139.08363342285156,107.11250305175781,111.62310028076172,249.2450408935547,236.60333251953125
2022-05-19 00:00:00+00:00,135.6564483642578,107.31900024414062,110.1113510131836,248.32290649414062,236.47332763671875
2022-05-20 00:00:00+00:00,135.89346313476562,107.59100341796875,108.63899230957031,247.75392150878906,221.3000030517578
2022-05-23 00:00:00+00:00,141.34539794921875,107.55699920654297,111.21261596679688,255.69003295898438,224.96665954589844
2022-05-24 00:00:00+00:00,138.62930297851562,104.0999984741211,105.708251953125,254.6796112060547,209.3866729736328
2022-05-25 00:00:00+00:00,138.78732299804688,106.7750015258789,105.54365539550781,257.5244445800781,219.60000610351562
2022-05-26 00:00:00+00:00,142.00714111328125,111.07749938964844,107.5262451171875,260.840087890625,235.91000366210938
2022-05-27 00:00:00+00:00,147.79489135742188,115.14649963378906,112.03907775878906,268.0403747558594,253.2100067138672
2022-05-31 00:00:00+00:00,147.0047607421875,120.20950317382812,113.48100280761719,266.69647216796875,252.75332641601562
2022-06-01 00:00:00+00:00,146.87637329101562,121.68399810791016,113.61067962646484,267.23602294921875,246.7899932861328
2022-06-02 00:00:00+00:00,149.34552001953125,125.51100158691406,117.33196258544922,269.3548889160156,258.3333435058594
2022-06-03 00:00:00+00:00,143.58743286132812,122.3499984741211,114.2580795288086,264.8816833496094,234.51666259765625
2022-06-06 00:00:00+00:00,144.3380584716797,124.79000091552734,116.53195190429688,263.6358642578125,238.27999877929688
2022-06-07 00:00:00+00:00,146.87637329101562,123.0,116.8601303100586,267.314453125,238.8866729736328
2022-06-08 00:00:00+00:00,146.1356201171875,121.18000030517578,116.90452575683594,265.2642517089844,241.86666870117188
2022-06-09 00:00:00+00:00,140.88121032714844,116.1500015258789,114.55184936523438,259.751220703125,239.7066650390625
2022-06-10 00:00:00+00:00,135.43914794921875,109.6500015258789,110.88692474365234,248.17575073242188,232.22999572753906
2022-06-13 00:00:00+00:00,130.25389099121094,103.66999816894531,106.12970733642578,237.64990234375,215.73666381835938
2022-06-14 00:00:00+00:00,131.12303161621094,102.30999755859375,106.451904296875,239.83749389648438,220.88999938964844
2022-06-15 00:00:00+00:00,133.76010131835938,107.66999816894531,109.49337768554688,246.96914672851562,233.0
2022-06-16 00:00:00+00:00,128.45632934570312,103.66000366210938,105.77159881591797,240.30833435058594,213.10000610351562
2022-06-17 00:00:00+00:00,129.93780517578125,106.22000122070312,106.87885284423828,242.93736267089844,216.75999450683594
2022-06-21 00:00:00+00:00,134.19467163085938,108.68000030517578,111.26848602294922,248.91146850585938,237.0366668701172
2022-06-22 00:00:00+00:00,133.6811065673828,108.94999694824219,111.21212005615234,248.31307983398438,236.086669921875
2022-06-23 00:00:00+00:00,136.56509399414062,112.44000244140625,111.96475219726562,253.9340362548828,235.07000732421875
2022-06-24 00:00:00+00:00,139.91329956054688,116.45999908447266,117.68359375,262.6058349609375,245.7066650390625
2022-06-27 00:00:00+00:00,139.91329956054688,113.22000122070312,115.5473861694336,259.8493347167969,244.9199981689453
2022-06-28 00:00:00+00:00,135.74533081054688,107.4000015258789,111.7308349609375,251.59934997558594,232.663330078125
2022-06-29 00:00:00+00:00,137.51324462890625,108.91999816894531,111.42559051513672,255.30738830566406,228.49000549316406
2022-06-30 00:00:00+00:00,135.0341796875,106.20999908447266,108.69384765625,251.94264221191406,224.47332763671875
2022-07-01 00:00:00+00:00,137.21694946289062,109.55999755859375,108.46891021728516,254.64031982421875,227.26333618164062
2022-07-05 00:00:00+00:00,139.81451416015625,113.5,112.98323059082031,257.84814453125,233.06666564941406
2022-07-06 00:00:00+00:00,141.15773010253906,114.33000183105469,114.28900146484375,261.1441650390625,231.73333740234375
2022-07-07 00:00:00+00:00,144.54547119140625,116.33000183105469,118.4896011352539,263.2924499511719,244.5433349609375
2022-07-08 00:00:00+00:00,145.2269287109375,115.54000091552734,119.0586929321289,262.5666198730469,250.76333618164062
2022-07-11 00:00:00+00:00,143.0836944580078,111.75,115.39077758789062,259.4765930175781,234.3433380126953
2022-07-12 00:00:00+00:00,144.06149291992188,109.22000122070312,113.7388687133789,248.84278869628906,233.07000732421875
2022-07-13 00:00:00+00:00,143.696044921875,110.4000015258789,111.07845306396484,247.910888671875,237.0399932861328
2022-07-14 00:00:00+00:00,146.63931274414062,110.62999725341797,110.09488677978516,249.2450408935547,238.31333923339844
2022-07-15 00:00:00+00:00,148.31834411621094,113.55000305175781,111.50140380859375,251.83477783203125,240.06666564941406
2022-07-18 00:00:00+00:00,145.25660705566406,113.76000213623047,108.76068878173828,249.41175842285156,240.54666137695312
2022-07-19 00:00:00+00:00,149.1381072998047,118.20999908447266,113.52887725830078,254.59127807617188,245.52999877929688
2022-07-20 00:00:00+00:00,151.15296936035156,122.7699966430664,113.61866760253906,257.27911376953125,247.5
2022-07-21 00:00:00+00:00,153.43450927734375,124.62999725341797,114.05757141113281,259.8002624511719,271.7066650390625
2022-07-22 00:00:00+00:00,152.1900177001953,122.41999816894531,107.63348388671875,255.4054718017578,272.24334716796875
2022-07-25 00:00:00+00:00,151.06407165527344,121.13999938964844,107.24444580078125,253.90463256835938,268.4333190917969
2022-07-26 00:00:00+00:00,149.73072814941406,114.80999755859375,104.76058959960938,247.10647583007812,258.8599853515625
2022-07-27 00:00:00+00:00,154.8567352294922,120.97000122070312,112.7807388305664,263.6260070800781,274.82000732421875
2022-07-28 00:00:00+00:00,155.40982055664062,122.27999877929688,113.93787384033203,271.15008544921875,280.8999938964844
2022-07-29 00:00:00+00:00,160.50619506835938,134.9499969482422,116.03268432617188,275.39764404296875,297.1499938964844
2022-08-01 00:00:00+00:00,159.51852416992188,135.38999938964844,114.57628631591797,272.71966552734375,297.27667236328125
2022-08-02 00:00:00+00:00,158.03701782226562,134.16000366210938,114.84561920166016,269.59033203125,300.586669921875
2022-08-03 00:00:00+00:00,164.08157348632812,139.52000427246094,117.78834533691406,277.09478759765625,307.39666748046875
2022-08-04 00:00:00+00:00,163.76547241210938,142.57000732421875,117.89806365966797,278.2522888183594,308.6333312988281
2022-08-05 00:00:00+00:00,163.53802490234375,140.8000030517578,117.17984008789062,277.5263977050781,288.1700134277344
2022-08-08 00:00:00+00:00,163.06329345703125,139.41000366210938,117.01026916503906,274.98565673828125,290.42333984375
2022-08-09 00:00:00+00:00,163.11273193359375,137.8300018310547,116.34191131591797,276.927978515625,283.3333435058594
2022-08-10 00:00:00+00:00,167.38543701171875,142.69000244140625,119.40433502197266,283.65753173828125,294.3566589355469
2022-08-11 00:00:00+00:00,166.6436004638672,140.63999938964844,118.54645538330078,281.5581359863281,286.6300048828125
2022-08-12 00:00:00+00:00,170.2140655517578,143.5500030517578,121.37944793701172,286.3551025390625,300.0299987792969
2022-08-15 00:00:00+00:00,171.29209899902344,143.17999267578125,121.7784652709961,287.8854675292969,309.32000732421875
2022-08-16 00:00:00+00:00,171.13385009765625,144.77999877929688,121.39939880371094,287.139892578125,306.5633239746094
2022-08-17 00:00:00+00:00,172.63720703125,142.10000610351562,119.25471496582031,286.3829650878906,303.9966735839844
2022-08-18 00:00:00+00:00,172.24160766601562,142.3000030517578,119.87317657470703,285.25250244140625,302.8699951171875
2022-08-19 00:00:00+00:00,169.64039611816406,138.22999572753906,116.92048645019531,281.300537109375,296.6666564941406
2022-08-22 00:00:00+00:00,165.7337188720703,133.22000122070312,113.95782470703125,273.0428771972656,289.913330078125
2022-08-23 00:00:00+00:00,165.3974151611328,133.6199951171875,113.57876586914062,271.7551574707031,296.4533386230469
2022-08-24 00:00:00+00:00,165.69412231445312,133.8000030517578,113.4091796875,271.1161804199219,297.0966796875
2022-08-25 00:00:00+00:00,168.16673278808594,137.27999877929688,116.36186981201172,274.1242980957031,296.07000732421875
2022-08-26 00:00:00+00:00,161.82699584960938,130.75,110.06745147705078,263.546630859375,288.0899963378906
2022-08-29 00:00:00+00:00,159.61154174804688,129.7899932861328,109.14972686767578,260.735107421875,284.82000732421875
2022-08-30 00:00:00+00:00,157.1685791015625,128.72999572753906,108.67091369628906,258.513427734375,277.70001220703125
2022-08-31 00:00:00+00:00,155.4971160888672,126.7699966430664,107.95269012451172,257.038818359375,275.6099853515625
2022-09-01 00:00:00+00:00,156.22900390625,127.81999969482422,109.46894073486328,255.98690795898438,277.1600036621094
2022-09-02 00:00:00+00:00,154.1025848388672,127.51000213623047,107.58360290527344,251.7205047607422,270.2099914550781
2022-09-06 00:00:00+00:00,152.83657836914062,126.11000061035156,106.54617309570312,248.9581298828125,274.4200134277344
2022-09-07 00:00:00+00:00,154.2509307861328,129.47999572753906,109.17964935302734,253.71609497070312,283.70001220703125
2022-09-08 00:00:00+00:00,152.76739501953125,129.82000732421875,108.11228942871094,254.13877868652344,289.260009765625
2022-09-09 00:00:00+00:00,155.64547729492188,133.27000427246094,110.37669372558594,259.9781188964844,299.67999267578125
2022-09-12 00:00:00+00:00,161.6390380859375,136.4499969482422,110.58616638183594,262.1310119628906,304.4200134277344
2022-09-13 00:00:00+00:00,152.15415954589844,126.81999969482422,104.06232452392578,247.719482421875,292.1300048828125
2022-09-14 00:00:00+00:00,153.60801696777344,128.5500030517578,104.74064636230469,247.94557189941406,302.6099853515625
2022-09-15 00:00:00+00:00,150.7002716064453,126.27999877929688,102.65581512451172,241.2215118408203,303.75
2022-09-16 00:00:00+00:00,149.04856872558594,123.52999877929688,102.54608154296875,240.5923614501953,303.3500061035156
2022-09-19 00:00:00+00:00,152.78713989257812,124.66000366210938,102.81541442871094,240.37608337402344,309.07000732421875
2022-09-20 00:00:00+00:00,155.18060302734375,122.19000244140625,100.89018249511719,238.34115600585938,308.7300109863281
2022-09-21 00:00:00+00:00,152.0354766845703,118.54000091552734,99.0347671508789,234.90045166015625,300.79998779296875
2022-09-22 00:00:00+00:00,151.0662078857422,117.30999755859375,99.89264678955078,236.89605712890625,288.5899963378906
2022-09-23 00:00:00+00:00,148.78150939941406,113.77999877929688,98.49610900878906,233.88790893554688,275.3299865722656
2022-09-26 00:00:00+00:00,149.11778259277344,115.1500015258789,97.9275131225586,233.42587280273438,276.010009765625
2022-09-27 00:00:00+00:00,150.0969696044922,114.41000366210938,97.25917053222656,232.4034881591797,282.94000244140625
2022-09-28 00:00:00+00:00,148.197998046875,118.01000213623047,99.8028793334961,236.9845428466797,287.80999755859375
2022-09-29 00:00:00+00:00,140.91864013671875,114.80000305175781,97.17936706542969,233.47503662109375,268.2099914550781
2022-09-30 00:00:00+00:00,136.68556213378906,113.0,95.41374206542969,228.9529571533203,265.25
2022-10-03 00:00:00+00:00,140.8889617919922,115.87999725341797,98.39635467529297,236.66015625,242.39999389648438
2022-10-04 00:00:00+00:00,144.49896240234375,121.08999633789062,101.38894653320312,244.66217041015625,249.44000244140625
2022-10-05 00:00:00+00:00,144.79568481445312,120.94999694824219,101.17945861816406,244.97677612304688,240.80999755859375
2022-10-06 00:00:00+00:00,143.8363037109375,120.30000305175781,101.16948699951172,242.60760498046875,238.1300048828125
2022-10-07 00:00:00+00:00,138.55482482910156,114.55999755859375,98.4362564086914,230.27029418945312,223.07000732421875
2022-10-10 00:00:00+00:00,138.8812255859375,113.66999816894531,97.6182861328125,225.36485290527344,222.9600067138672
2022-10-11 00:00:00+00:00,137.45700073242188,112.20999908447266,96.9399642944336,221.58995056152344,216.5
2022-10-12 00:00:00+00:00,136.82403564453125,112.9000015258789,97.31902313232422,221.92417907714844,217.24000549316406
2022-10-13 00:00:00+00:00,141.42308044433594,112.52999877929688,98.8153076171875,230.27029418945312,221.72000122070312
2022-10-14 00:00:00+00:00,136.86358642578125,106.9000015258789,96.32148742675781,224.68653869628906,204.99000549316406
2022-10-17 00:00:00+00:00,140.84939575195312,113.79000091552734,99.72307586669922,233.50453186035156,219.35000610351562
2022-10-18 00:00:00+00:00,142.1747283935547,116.36000061035156,100.5210952758789,234.45809936523438,220.19000244140625
2022-10-19 00:00:00+00:00,142.2835235595703,115.06999969482422,99.3839111328125,232.47230529785156,222.0399932861328
2022-10-20 00:00:00+00:00,141.81866455078125,115.25,99.72307586669922,232.1479034423828,207.27999877929688
2022-10-21 00:00:00+00:00,145.65615844726562,119.31999969482422,100.88019561767578,238.01673889160156,214.44000244140625
2022-10-24 00:00:00+00:00,147.812255859375,119.81999969482422,102.26676940917969,243.05979919433594,211.25
2022-10-25 00:00:00+00:00,150.6705780029297,120.5999984741211,104.22193145751953,246.41200256347656,222.4199981689453
2022-10-26 00:00:00+00:00,147.71336364746094,115.66000366210938,94.69551849365234,227.3997802734375,224.63999938964844
2022-10-27 00:00:00+00:00,143.21322631835938,110.95999908447266,91.9922103881836,222.90724182128906,225.08999633789062
2022-10-28 00:00:00+00:00,154.0333251953125,103.41000366210938,96.05216217041016,231.87265014648438,228.52000427246094
2022-10-31 00:00:00+00:00,151.65965270996094,102.44000244140625,94.27655792236328,228.196044921875,227.5399932861328
2022-11-01 00:00:00+00:00,148.9990997314453,96.79000091552734,90.24653625488281,224.30316162109375,227.82000732421875
2022-11-02 00:00:00+00:00,143.44068908691406,92.12000274658203,86.75518035888672,216.3699493408203,214.97999572753906
2022-11-03 00:00:00+00:00,137.35809326171875,89.30000305175781,83.22392272949219,210.61907958984375,215.30999755859375
2022-11-04 00:00:00+00:00,137.09063720703125,90.9800033569336,86.36614990234375,217.63804626464844,207.47000122070312
2022-11-07 00:00:00+00:00,137.62557983398438,90.52999877929688,88.27142333984375,224.00823974609375,197.0800018310547
2022-11-08 00:00:00+00:00,138.20018005371094,89.9800033569336,88.68041229248047,224.9912872314453,191.3000030517578
2022-11-09 00:00:00+00:00,133.61334228515625,86.13999938964844,87.10430908203125,220.70516967773438,177.58999633789062
2022-11-10 00:00:00+00:00,145.50148010253906,96.62999725341797,93.70796966552734,238.86216735839844,190.72000122070312
2022-11-11 00:00:00+00:00,148.30511474609375,100.79000091552734,96.17186737060547,242.92218017578125,195.97000122070312
2022-11-14 00:00:00+00:00,146.8983612060547,98.48999786376953,95.46360778808594,237.45639038085938,190.9499969482422
2022-11-15 00:00:00+00:00,148.64195251464844,98.94000244140625,98.19685363769531,237.8692626953125,194.4199981689453
2022-11-16 00:00:00+00:00,147.40359497070312,97.12000274658203,98.6058349609375,238.3030242919922,186.9199981689453
2022-11-17 00:00:00+00:00,149.3156280517578,94.8499984741211,98.11705017089844,238.2537384033203,183.1699981689453
2022-11-18 00:00:00+00:00,149.88031005859375,94.13999938964844,97.18933868408203,237.80027770996094,180.19000244140625
2022-11-21 00:00:00+00:00,146.63088989257812,92.45999908447266,95.36386108398438,238.61851501464844,167.8699951171875
2022-11-22 00:00:00+00:00,148.78067016601562,93.19999694824219,96.8102798461914,241.55625915527344,169.91000366210938
2022-11-23 00:00:00+00:00,149.66238403320312,94.12999725341797,98.21680450439453,244.07012939453125,183.1999969482422
2022-11-25 00:00:00+00:00,146.7299346923828,93.41000366210938,97.21926879882812,243.9813690185547,182.86000061035156
2022-11-28 00:00:00+00:00,142.87619018554688,93.94999694824219,95.81275939941406,238.33261108398438,182.9199981689453
2022-11-29 00:00:00+00:00,139.85459899902344,92.41999816894531,94.95487976074219,236.92288208007812,180.8300018310547
2022-11-30 00:00:00+00:00,146.65069580078125,96.54000091552734,100.74054718017578,251.52293395996094,194.6999969482422
2022-12-01 00:00:00+00:00,146.92808532714844,95.5,100.74054718017578,251.0792999267578,194.6999969482422
2022-12-02 00:00:00+00:00,146.4327392578125,94.12999725341797,100.19190979003906,251.40464782714844,194.86000061035156
2022-12-05 00:00:00+00:00,145.2637481689453,91.01000213623047,99.23428344726562,246.65293884277344,182.4499969482422
2022-12-06 00:00:00+00:00,141.5784149169922,88.25,96.7404556274414,241.6449737548828,179.82000732421875
2022-12-07 00:00:00+00:00,139.6267547607422,88.45999908447266,94.70549774169922,240.90562438964844,174.0399932861328
2022-12-08 00:00:00+00:00,141.32080078125,90.3499984741211,93.47853088378906,243.89266967773438,173.44000244140625
2022-12-09 00:00:00+00:00,140.8354034423828,89.08999633789062,92.6007080078125,241.9407196044922,179.0500030517578
2022-12-12 00:00:00+00:00,143.14369201660156,90.55000305175781,93.07951354980469,248.93020629882812,167.82000732421875
2022-12-13 00:00:00+00:00,144.11453247070312,92.48999786376953,95.39379119873047,253.27769470214844,160.9499969482422
2022-12-14 00:00:00+00:00,141.8756103515625,91.58000183105469,94.83517456054688,253.57347106933594,156.8000030517578
2022-12-15 00:00:00+00:00,135.22811889648438,88.44999694824219,90.63557434082031,245.47984313964844,157.6699981689453
2022-12-16 00:00:00+00:00,133.2566680908203,87.86000061035156,90.03705596923828,241.22108459472656,150.22999572753906
2022-12-19 00:00:00+00:00,131.13662719726562,84.91999816894531,88.22154998779297,237.04119873046875,149.8699951171875
2022-12-20 00:00:00+00:00,131.06727600097656,85.19000244140625,88.80010986328125,238.37205505371094,137.8000030517578
2022-12-21 00:00:00+00:00,134.1879119873047,86.7699966430664,89.35873413085938,240.96475219726562,137.57000732421875
2022-12-22 00:00:00+00:00,130.99790954589844,83.79000091552734,87.54322814941406,234.813232421875,125.3499984741211
2022-12-23 00:00:00+00:00,130.63136291503906,85.25,89.00959777832031,235.3455810546875,123.1500015258789
2022-12-27 00:00:00+00:00,128.81842041015625,83.04000091552734,87.17414093017578,233.6006622314453,109.0999984741211
2022-12-28 00:00:00+00:00,124.86558532714844,81.81999969482422,85.80752563476562,231.20510864257812,112.70999908447266
2022-12-29 00:00:00+00:00,128.40232849121094,84.18000030517578,88.23152160644531,237.59323120117188,121.81999969482422
2022-12-30 00:00:00+00:00,128.71934509277344,84.0,88.01206970214844,236.4201202392578,123.18000030517578
